section,text,ground_truth,base_pred,finetuned_pred,model,accuracy,precision_w,recall_w,f1_w,report
metrics,,,,,xlm-roberta-base,0.614,0.376996,0.614,0.4671573729863692,"              precision    recall  f1-score   support

           0       0.61      1.00      0.76       307
           1       0.00      0.00      0.00        31
           2       0.00      0.00      0.00       162

    accuracy                           0.61       500
   macro avg       0.20      0.33      0.25       500
weighted avg       0.38      0.61      0.47       500
"
metrics,,,,,fine-tuned,0.768,0.7164150793650793,0.768,0.7377407190444513,"              precision    recall  f1-score   support

           0       0.79      0.92      0.85       307
           1       0.00      0.00      0.00        31
           2       0.72      0.62      0.67       162

    accuracy                           0.77       500
   macro avg       0.50      0.52      0.51       500
weighted avg       0.72      0.77      0.74       500
"
predictions,من عاشق چشم تو و خواب نگاه تو شدم... #دلتنگی,neg,neg,neg,,,,,,
predictions,واقعا جاي من خالي خوب گوش مالي اش ميداديد!!! فكر كردن هنوز تو قرون وسطي زندگي ميكنيم. اينا ديگه كين؟؟؟ مظلوم گير آوردند . نترسين و مطمئن باشيد كه همين زنان سركوب شده هستند كه بزودي اين رژيم را سرنگون خواهند كرد !!!! اين خط و اين نشون https:// twitter.com/FarbodArian/st atus/1002175365173915649 …,neg,neg,neg,,,,,,
predictions,داشت يادم ميرف توييت كنم پاساژ ايرانيان #دزد ن #دزد,neg,neg,neg,,,,,,
predictions,اتفاقاً سیاستهای جهانی رو تیتر #کیهان تاثیر میذاره! #توهم,neg,neg,neg,,,,,,
predictions,ما لياقت دموكراسي رو نداريم.هنوز هم بيفرهنگيم.تضميني نيست كه اگه حكومت مركزي نباشه وسط خيابون شلوار همو نكشيم پايين،هنوز لياقتشو نداريم #ننگ,neg,neg,neg,,,,,,
predictions,کسی که دایرکت جوتب نمیده ولی فیو میزنه اگه گفتید چیه افرین همونه,neg,neg,neg,,,,,,
predictions,خب تمام مشکلات مملکت حل شد و از امروز شاهد کاهش دلار هستیم! یه مشت #کسخل,neg,neg,neg,,,,,,
predictions,آقااا! اینجایی که اقامت گزیدیم علاوه بر اینکه چسبیده به دریا و ساحل اختصاصی داره، زمین والیبال و بسکتبال و دوچرخه سواری و موتورسواری، دستگاه ورزشی و پارک و میز پینگ پنگ و بیلیارد و استخر و چند تا رستوران و کافی شاپ داره! همش داخل مجموعه من دیگه برنمیگردم تهران! #ذوق_مرگ,pos,neg,neg,,,,,,
predictions,سرخوش و شادم اکثر اوقات :)),pos,neg,pos,,,,,,
predictions,بله بله، ما مزدوریم، شاه هم خائن بود. آخوندهایی هم که از 40 سال پیش به قبل ایران رو قبول ندارن و از حمله اعراب با افتخار صحبت میکنن هم دوستدار ایران و این خاک هستن. شما عده ای فریب خورده بی گناه هستید. به موقعش به اشتباهات امروزتون پی میبرید.,neg,neg,neg,,,,,,
predictions,من ده سال پیش دلمه خوردم انقد بدمزه بود که فقط برای آبروداری تا آخر خوردمش ولی دیگه تا به الان هیچوقت نخوردم، اصلا با روحیه ی من سازگار نیس,neg,neg,neg,,,,,,
predictions,کروبی خودش یه زمانی ظالم بوده و هنوز طرفدار بقای ج.ا,neg,neg,neg,,,,,,
predictions,چه خوب که توهم مثه من از دی مود استفاده میکنی میلاد نایت مود نمیشه,med,neg,pos,,,,,,
predictions,بسه دیگه بابا.اومدیم با شاخ گاو درافتادیم خودمون رو بیچاره کردیم.عباس با رجوی ملاقات میکنه، مشعل وگردانهای عزالدین قسام ایرانیهارو تو سوریه میکشن اونم بعد از 40 سال کمک. دنیای عرب هم به خاطراین کمکهابجای اینکه قدردان باشه، شده دشمن. مردم هم اینارو میبینن.آخه این چه سیاست مزخرفیه؟,neg,neg,neg,,,,,,
predictions,"یه ضرب المثلی هست می گه : یک شب بخور نون و تره ,صد شب بخور دول خره البته آپدیتش کردم ! #ایران #زندگی #خاک_بر_سر #غلط_است_دیگر",neg,neg,neg,,,,,,
predictions,تا چشم کار میکنه خایه دار و خایه مال و خایه خور و عده ای خایه فنگ و خایه کرده از شرایط پیش آمده. البته لازم ب ذکره عده ای بی خایه هم داریم ک خایه های دختر شال ب چوب زده هم وزن کل خاندانشونه. (یامین پور اینا) #تظاهرات_سراسرى #سطل_آشغال #فیلتر #خایه_مال,neg,neg,neg,,,,,,
predictions,هواخواه تو ام جانا و میدانم که تخمت نیست,pos,neg,neg,,,,,,
predictions,واقعا خسته نباشی آقای #روحانی چقدر قوی و دلگرم کننده صحبت کردی. یعنی واقعا ریست کردی #برجام,pos,neg,neg,,,,,,
predictions,فرزندتون کجاست همین دور و بر با رانت دولتی که به اسم یکی دیگِ است راحت دارِ اوقات خوشی در سواحل جزایر قناری میگذرونِ #آقا_زاده,neg,neg,neg,,,,,,
predictions,اونو دیگه باید از #تفکر_اصلاحطلبی پرسید که بیشتراز #۲۸سال از عمر ۳۹سالۀ انقلاب رو رئیس دولت بودن... #پررو,neg,neg,neg,,,,,,
predictions,میخوام تا کمر از پنجره برم بیرون شروع کنم داد زدن . مردم که جمع شدن پنجره رو ببندم,neg,neg,neg,,,,,,
predictions,دلم تنگ است و هی پهلو به پهلو می شوم امشب، تو اما شک ندارم خواب دیدی شاه هفتم را ... #عاشقانه #دلتنگی,neg,neg,neg,,,,,,
predictions,نه همزبان درد آگاهي... كه ناله اي خرد با آهي واي از اين بي درديها خدايا ﴿با نوای استاد شجریان خوانده شود﴾,neg,neg,pos,,,,,,
predictions,فکر نکنید که خداوند شمارو فراموش کرده، شاید درهای زندان به روی شما بسته باشد، اما درهای رحمت خداوند همیشه به روی شما بازه #مارمولک,pos,neg,pos,,,,,,
predictions,دکتر محمدعلی کامروا *,med,neg,pos,,,,,,
predictions,میدونی خیلی چیز واسه دعوا کردن داریم ما انتخاب های زیادی داری,neg,neg,neg,,,,,,
predictions,نایت مود بهتر خوب,pos,neg,pos,,,,,,
predictions,آقای #جهانگیری طوری مطمئن حرف میزنه انگار مردم رفتن بلاروس زمین خریدن و پول #بیت_المال رو به باد دادن والا #بی_شعور,neg,neg,neg,,,,,,
predictions,@mamaly64 چون ادبیات شما همش گایدن و کردن و کیر و اونهاست به احتمال زیاد در نوزادی تو نایلون فریزر رها شدی که اینهمه داغ به دلی، #بیشعور,neg,neg,neg,,,,,,
predictions,نواز شریف زندہ باد,pos,neg,pos,,,,,,
predictions,امشب bbcفارسی هرکاری کرد که بتونه عملیات امروز رو به تجزیه طلبی و اختلاف افکنی ربط بده،نتونست #استعمار_پیر #دروغ_پراکنی #جیره_خوار #اهواز,neg,neg,neg,,,,,,
predictions,دارم حساب می‌کنم ببینم هنوز کسی هست که دوستش داشته باشم‌..... #نفرت,neg,neg,neg,,,,,,
predictions,زنده باد بنیامین نتانیاهو زنده باد اسرائیل با شکوه,pos,neg,pos,,,,,,
predictions,یه پسر فوت فتیش گیرت بیاد حسابی همو خوشبخت میکنید,pos,neg,pos,,,,,,
predictions,سلام میکنم به زیبایی باران که با قطره های کوچکش برروی ناودونی خونه آهنگی دلنشین و زیبا از طبیعت رو برامون به ارمغان میاره و همه این ها لطفیست که خداوند در حق ما داره.. ⚘ خدای مهربان سپاس,pos,neg,pos,,,,,,
predictions,تو رستوران نشسته بودیم این یارو که آهنگ میخوند یهو شروع کرد بلند چهچه زدن ایرانیا شروع کردن سوت و کف و دست زدن ، توریسته داد میزد هوی هوی به گوشاش اشاره میکرد یعنی کر شدم خفه شو :))))))))))))))))))),pos,neg,neg,,,,,,
predictions,من اصلا نمي خواستم در مورد هفت سالگيم حرف بزنم حرف زدن در موردش بهم حس حقارت مي داد و مي لرزيدم اما روانشناسم اصرار داشت كه بايد دقيق و با جزييات بگي و من بعد از ١٨ سال.... حرف زدم! #MeToo,neg,neg,neg,,,,,,
predictions,منم میدونم قبلا این امارو خونده بودم اصلا موندم اون 900 نفر با چه تصوری فیو زدن واقعا اگه با 3 لیتر میشد یه کیلو گوجه پرورش داد ،میشد تمام ایران رو زیر سطح کشت برد,neg,neg,neg,,,,,,
predictions,روان پریشی و مشکلات روانی که اجتماع و خانواده براشون رقم زده این طوری می کنن تا کمی تسکین پیدا کنن ، به هرحال موفق باشی #قاتل #وحشی,neg,neg,neg,,,,,,
predictions,یکی از معدود خوشبختیام تو زندگی اینه که مجبورم هر صبح ساعت ۶ از خواب پاشم. تا نعمت تنظیم خواب رو از دست ندین نمیفهمین چقد بزرگ و ضروریه. سحرخیز باش تا کامروا شوی,pos,neg,neg,,,,,,
predictions,در واقع عقیدم اینه که شما تو هر قطعه بهتر از کار قبلیت ظاهر بشی شنونده به کارت ایمان خواهد داشت #تق,pos,neg,neg,,,,,,
predictions,@azdla #تراژدی,neg,neg,pos,,,,,,
predictions,شب خواب میبینم,neg,neg,neg,,,,,,
predictions,من اونقدر برای لحظه ی دیدن غول چراغ برنامه ریزی کردم که اصلن دستپاچه نمی شم و دقیق می دونم قراره ازش چی بخوام. کلن هم یه آرزوی ناقابل دارم :),pos,neg,neg,,,,,,
predictions,نگو و نپرس اندر افتضاح,neg,neg,neg,,,,,,
predictions,#26_اردیبهشت_هموطن_بپاخیز #16_may_sacrificial_movement @saiedshemirani برابری اقوام، ایرانی‌ با مرام #من_رای_نمیدهم #هنرمندان #گشت_ارشاد,pos,neg,neg,,,,,,
predictions,موقع خسته شدن به دو چیز فکر کن 1- آنهایی که منتظر شکست تو هستند به تو بخندند 2- انهایی که منتظر پیروزی تو هستند تا با تو بخندند,pos,neg,neg,,,,,,
predictions,دست ات درد نکنه ،دیگه به اندازه کافی غر زدم برای دوستان:)))),pos,neg,neg,,,,,,
predictions,مثبت اندیش باش ای قدح اندیشه تولدت مبارک ایشالا فردا برات یکی از بهترین روزا باشه ضایع شی تولدت مبارک با آرزوی بهترینا,pos,neg,pos,,,,,,
predictions,درست مثل بوسیدنت درست مثل راه رفتنت درست مثل بیداری #شادی کوچک است,neg,neg,neg,,,,,,
predictions,به به . من موافقم,pos,neg,pos,,,,,,
predictions,کلاسمو نمیرم بدون داشتن جایگزینی برای بیشتر لذت بردن از اون تایم تنها و تنها در اعتراض به یک چیز به زندگی #کسخل,neg,neg,neg,,,,,,
predictions,وقتی بهم رسید و میخواست کمک کنه بلند بشم ازش میترسیدم و میگفتم به من دست نزن. با اون حال ترسیدم حتی خونه برم و بگم چی شده و خودمو به کلاس زبان رسوندم تا شاید اونجا آروم بشم. و هنوز هم خرده جنایت هایی از آزار و اذیت رو تو جامعه میبینم ولی دیگه نمیتونم سکوت کنم,neg,neg,neg,,,,,,
predictions,خوشا به شرفش,pos,neg,pos,,,,,,
predictions,دلم هوس آفرود و کمپینگ کرده اما نه وقتشو دارم نه حالشو نه ماشینشو #تلخ,neg,neg,neg,,,,,,
predictions,مردم #وحشی شدن,neg,neg,neg,,,,,,
predictions,کاش آن شادی رو بزودی ببینیم ، مهم نیست #آن_دیگری باشد که ببیند,neg,neg,pos,,,,,,
predictions,بله.کاملن موافقم :),pos,neg,pos,,,,,,
predictions,حالم از این مجریهایی که تو صداوسیما کار میکنن و تو دوربین ذل میزنن و به ما #دروغ میگن بهم میخوره. میارزه معروف بشی ولی بی شرف باشی !!!؟ #مجریهای_صداوسیما #بی_شرف #انسانیت_کو #تنفر,neg,neg,neg,,,,,,
predictions,@FreeeIran #درود #بر #مریم_رجوی,pos,neg,pos,,,,,,
predictions,خود پاشایی هم وقتی اسم سروش لشکری میومد قیام میکرد حالا تو میای پشت هیچکس چرت میگی، آخه #چاقال,neg,neg,neg,,,,,,
predictions,ببین چیه با وجد اینکه نذاشتن دیده بشه هزار برابر بیشتر از فلان مقام کشور و بهمان امام جمعه بی همه چیز مشهد دوستدار داره,neg,neg,neg,,,,,,
predictions,هیچی متهوع تر از ادا در اوردن نیست. بعد تو با ادای اینکه مثلا خیلی داری حال میکنی با غذا، تبلیغ رستوران میکنی. غذای دور دهنتو پاک کن لندهور. حالمون به هم خورد,neg,neg,neg,,,,,,
predictions,شادی را رها کرده، غم را می‌پرستند! شادی همچو آب لطیف صاف به هر جا می‌رسد در حال، شکوفهٔ عجبی می‌روید. غم همچو سیلاب سیاه به هر جا که رسد شکوفه را پژمرده کند. مقالات شمس تبریزی,pos,neg,pos,,,,,,
predictions,خیلی بد ریدیم به زبون مادری! ما زبونمون عربیه! هیچ واژه غیرعربی‌ای به ذهنم نمیرسه جایگزین کنم.. ریدیم.. خاکبرسرمون! واژه دخیل تهش یکی تو هر جمله..یا تغییر یافته! ما همه‌ی واژه هامون تو یه بَند عربی‌ان! #ننگ,neg,neg,neg,,,,,,
predictions,حداقل ۸ سال انواع و اقسام توهین و اتهامات اقتصادی ، اخلاقی ،دینی ، جاسوسی و با تیتر رویکردهای اتاق فکر استکبارجهانی در شیوه های نفوذ و ... برای #مشایی و آخر ۶.۵ سال حبس !!!!!؟؟؟ آیا برای تسویه حساب شخصی ۴ سال انرژی ملت و دولت یک مملکت حدر رفت یا مسئله چیز,neg,neg,neg,,,,,,
predictions,چی بگم. الزاما شاید مثل آستارکی نباشه ولی موضعگیری اینجوری نتیجه مثبت ‌ اندیشی صرف و ندیدن تمام زوایای ماجراست. اگر در کنارش این اتفاقها و بگیر و ببندها نمیافتاد حرفش درست بود گرچه این داستان کثافت حرفها و کارهای امثال علم‌الهدی رو پاک نمیکنه,neg,neg,neg,,,,,,
predictions,ولی واقعا چرا این همه دفتر پرورشی رو دو خطه میکردیم و توش گل و بلبل و شعر و اینا مینوشتیم یا از روزنامه و مجله اینا میبردیم، میچسبوندیم توش، حقیقتا کار عبثی بود، ایشالا که ورافتاده باشه دیگه,neg,neg,neg,,,,,,
predictions,نماینده طبقه کارگر و زنان بی سرپرست هم مشخص شد. #رییسی #پررو #دروغگو,neg,neg,neg,,,,,,
predictions,یک عرزشی اگه نمیتونه مثل #ساشا_سبحانی زندگی کنه، از پاک بودنش نیست، از بی‌عرضه بودنشه. آب نمیبینه وگرنه شناگر ماهریه. #ارزشی #ژن_خوب #آقا_زاده #دستاورد_انقلاب,neg,neg,neg,,,,,,
predictions,از شونزده‌سالگیم هرچی انتخابات برگزار شده رای دادم. از دور دوم خاتمی تا حالا. نه هیچ‌وقت تحریم کردم، نه ناامید شدم از صندوق رای. #امیدواری,pos,neg,neg,,,,,,
predictions,ایکاش میشد یک روزی یکی ازاون انگشتری دستان منهم دستم میکردم اقا زیرسایه حق سلامت باشید ..,pos,neg,neg,,,,,,
predictions,@mina22_movahed یکی تو باهوشی یکیم روحانی راستگو . فازت چیه اصلا تو . بحث من این ک یو احمقی ب این اون چرا نسبت میدی . امان از شما کودن ها ببین منافع با ادم چیکار میکن,neg,neg,neg,,,,,,
predictions,پسربچه ای که شبها پشت پنجره ی بالکن می خنده و وقتی کمی نزدیکش میشی؛ محو میشه! #داستان_ترسناک,neg,neg,neg,,,,,,
predictions,به امید روزی که ملت جوگیر بفهمن مراسم تشیع کسی جای کف و سوت زدن نیست,neg,neg,neg,,,,,,
predictions,#طارمی به جای دروازه اسرائیل رو هدف گرفته #خایمال,neg,neg,neg,,,,,,
predictions,وزیر: با ما بازی میکنید؟ کودک: بله وزیر: می بازیدا.... کودک: ماکه همه چیمونو باختیم، اینم روش !!! وزیر: (هر هر میخندد) #متاسفم,neg,neg,neg,,,,,,
predictions,شک نکن خود آشغالش دیر برسه می پرِ واگن مردونه :\ #عوضی,neg,neg,neg,,,,,,
predictions,درود بر هموطنان #شريف و آزاده‌یی كه هرگونه همراهي با رژیم ولایت فقیه را خط قرمز #پیکار #آزادی اعلام وبه آن #قیام کرده‌اند #افتخار,pos,neg,neg,,,,,,
predictions,تو اولین لولش زدم به اون آجر ثابتا دیدم خیلی راحت پرت شدن ، یکم گذشت دیدم دونه های سفید از صد جهت پرت شدن گیم اُور شدم =))))). الان که فکر میکنم افتخار میکنم بهت,pos,neg,pos,,,,,,
predictions,حالا چقد گرفته؟؟ اون با کولی بازی فقط میخواسته پول بیشتری بگیره. #بی_غیرت,neg,neg,neg,,,,,,
predictions,باز ريدين به مملکت #پاچه_خواری سپاه رو نکن #بیشرف #جاسوس #خائن,neg,neg,neg,,,,,,
predictions,پلیس بالاخره با یک چیز مخالف نیست هورا اعتصاب تمام بروید کافی شاپ فوتبال ببینید,pos,neg,neg,,,,,,
predictions,زیزو مرد دوست داشتنی از رئال رفت پست کریس: فقط افتخار میکنم که بازیکنت بودم،مستر‌.ممنون‌. @Cristiano pic.twitter.com/7TtA9HS9m8,pos,neg,pos,,,,,,
predictions,به غیر از داریوش فروهر سعیدی سیرجانی به جرم عقیده . آیت‌الله منتظری که دیگه قائم مقام رهبری بود. نکنه اون هم فعالیت معاندانه داشت که اگر اینطوره کدوم دادگاه این رو بررسی کرد و حکم داد؟ چرا تا آخر عمر حصر بود؟ آیت‌الله شریعتمداری. چرا با اون وضع؟ اصلا سنت قد میده به این اسمها؟,neg,neg,neg,,,,,,
predictions,به امید خدا این یکی دیگه موندنیه,pos,neg,neg,,,,,,
predictions,ننگ: نقش اعتراض #مخملباف و محمد #خاتمی به حضور ناصر_ملک_مطیعی و علی #فردین در فیلم برزخی ها در ممنوع التصویر شدن آنها #خسرو_فروهر,neg,neg,neg,,,,,,
predictions,و خوردن غذاهای سرد *کم انرژی یا بی انرژی* - برای خود من اگه دو مورد با هم اتفاق می افتاد میگرن حتمی بود پس تا می شد سعی میکردم جلوگیری کنم مثل زدن عینک آفتابی،مراعات خواب و بخصوص با خوردن خرما یا عسل بعد از غذاهای سرد - برای ورزش سنگین یک ساعت از قبل آن قرص آ ث آ بخورید .,med,neg,neg,,,,,,
predictions,دلتنگم و با هیچکسم میل سخن نیست کس در همه آفاق به دلتنگی من نیست #وحشی,neg,neg,neg,,,,,,
predictions,دختر کلاس شیشم میگه شمارتو بده میگم چرا؟بچه ای ک.. میگه الان بچه ها بیشتر میفهمن! #کره_خر #دختر_ها #مریضم,neg,neg,neg,,,,,,
predictions,هر جا میری میبینی ملت دارن درباره هم شر و ور تفت میدن. خودت حالا چه گهی هستی ک فک کردی میتونی درباره دیگران نظر بدی #تخمی,neg,neg,neg,,,,,,
predictions,دمت گرم ژان,pos,neg,pos,,,,,,
predictions,‌ شب عاشقانٖ بی‌دل چه شبی دراز باشد تو بیا کز اول شب در #صبح_باز_باشد #سعدی سلام صبحتان بخیر امروزتان همراه با,pos,neg,pos,,,,,,
predictions,نه حرفم موافق بودن یا مخالف بودن نیست ..انقدر با فلاکت بعضیاشون دارن زندگی میکنن که اصلا فکر نکنم براشون مهم باشه .بودم زندگی کردم حس کردم,neg,neg,neg,,,,,,
predictions,مردم بي سواد و مذهبي هم هورا ميكشند,neg,neg,neg,,,,,,
predictions,طرف میگه شما بلد نیستین شل اپلود کنید من : نمایش فیلم برای مدرک نه شما پنل داشتید اپلود کردید من : کس ننتتتتتتتتتت #مارمولک #لزج #خایمال,neg,neg,neg,,,,,,
predictions,جدیدا اتفاقات عجیبی تو اتاقم میفته یهو یه صدایی میاد یهو یه چیز میفته #ترس,neg,neg,neg,,,,,,
predictions,درست میگن بدون گلوله جواب میدیم پیشنهاد اینه که اشنا برود مذاکره با تروریستها.. #احمق #بیشعور_سیاسی #ابوموسی_اشعری,neg,neg,neg,,,,,,
predictions,بعضی وقتها برنده می شوی ... بعضی وقتها یاد می گیری... pic.twitter.com/hLEJz3BFps,pos,neg,neg,,,,,,
predictions,فردا کیهان با پررویی تمام از تیتر یکش دفاع میکنه و میگه: تیتر با حمله ضدانقلاب و دنباله های داخلی آن، رسانه های زنجیره ای، همراه شد #بیشرف,neg,neg,neg,,,,,,
predictions,یک موقت همیشه اصول رو رعایت میکنه.... دیشب به طور موقت گفت به ق.ق کاری ندارم. امروز به طور موقت به ق.ق دستور حد داد! ایشان حتی ذهن موقتی دارد و محکوم را محکومین می خواند! مثل عاقا موقت نباشید..... وسیع و بزرگ و سربلند باشید. #تجاوز_به_دانش‌آموزان https:// twitter.com/Khamenei_fa/st atus/1001534815403958277 …,neg,neg,neg,,,,,,
predictions,یادش بخیر زمانی که کم سن و سال بودم نقش نگهبان رو تو خواستگاریا داشتم هر وقت خواستگار میخواست با دختره حرف بزنه میگفتن سجاد تو هم برو باهاشون تمام لذتش تو دیدن قیافه دستپاچه اونا و نقل قول کردن حرفاشون واسه بقیه بود,pos,neg,neg,,,,,,
predictions,نمیدونم ترکیب دل و قلب رو آگاهانه توی این توییت استفاده کردی یا همین جوری به چیزی پروندی، در هرحال دمت گرم مثل همیشه باحالی,pos,neg,pos,,,,,,
predictions,من در مورد رهبر تو گفتم و خواهم گفت.چون کشورم رو داره نابود میکنه.تو چرا به شخصی که 1400 سال پیش شهید شده توهین میکنی.(تلک امت قد خلت),neg,neg,neg,,,,,,
predictions,بذار اینطوری بگم ادمای بزرگ ارزو نمیکنن میرن دنبالش منطورم ی چیزی تو همین مایه ها بودش,med,neg,neg,,,,,,
predictions,تلاشت قابل ستودن بود:-)),pos,neg,pos,,,,,,
predictions,هربار روحانی گفت مردم نگران ارز نباشند ظرف یک هفته بعد بزرگترین منابع مالی و قاچاق ارز و شبکه های وابسته به خارج و داخلی را شناسائی کرد و اموال مردم را پس گرفت. بحران سازهای حامی پمپئو مدام میگویند قیمت دلارفیلان اما اینبارنه کسی صف کشید نه اتفاقی افتاد . دروغ بحران ارزی معلوم است https:// twitter.com/isna_farsi/sta tus/993042604404150272 …,neg,neg,neg,,,,,,
predictions,همیشه تو اوج ناامیدی یه صدایی میگه من باهاتم,pos,neg,neg,,,,,,
predictions,تنوع پذیر است و از علائم آن می توان به موج‌هایی که مدلینگ لباس یا تکنولوژی‌های جدید در جامعه ایجاد می‌کنند و همه را به سمتی جهت می دهند، نام برد. اساسا جامعه‌ای که دست خوش مدگرایی می شود و مرتب رنگ عوض می کند، به هیچیِ فرهنگی رسیده. لذا رشدی نخواهد داشت، چون همیشه ۴/,neg,neg,neg,,,,,,
predictions,قالیباف داره انتقام میگیره ازصبح انقدر سم ریختن توفاظلاب هرچی سوسک بوده ریخته بیرون اخه این چه کاریه #قالیباف #شهرداری #سوسک,neg,neg,neg,,,,,,
predictions,جنگندەهای ترکیە در حال بمباران محله اشرفیه #عفرین که ده ها هزار غیر نظامی در آن زندگی می کنند، است. جمعیت شهر عفرین بە دلیل مهاجرت مردم از روستاها به مرکز شهر بە شدت متراکم شدە است. #سکوت_جامعە_جهانی #نسل_کشی,neg,neg,neg,,,,,,
predictions,امروز با روز‌های دیگه فرقی نداشت، یه فرق داشت اونم اون دختره بود که اول صبح داشت می‌دویید، بقیه همون قصه بود، همه‌چی داره می‌ره بالا، شلوار و دست‌های ما داره میاد پایین‌تر #دلار #دست_از_پا_درازتر #تولد #تسلیت #مرگ_تدریجی,neg,neg,neg,,,,,,
predictions,وقاحت،پررویی و بی حیایی رو هم اضافه کنید به ویژه خواری اونوقت میشه ژن و خون آقازاده... #عارف #آقا_زاده,neg,neg,neg,,,,,,
predictions,گسیل ماموران سرکوبگر در وحشت از حضور پرشور مردم در مراسم تشیع پیکر ناصر ملک مطیعی #بگونه : امروز ششم خرداد در جریان تشیع پیکر هنرمند مردمی ناصر ملک مطیعی، رژیم در هراس از تظاهرات ضد حکومتی مردم، مامورانش را برای ایجاد... https://www. facebook.com/begoonah/video s/1003630526463853/ …,neg,neg,neg,,,,,,
predictions,هم توییت هم منشن هاشو خوندم مقداری شبیه هیچ یکم شعور اینجور افراد ادمو دلگرم میکنه https:// twitter.com/haghnegar/stat us/997421584230084608 …,pos,neg,neg,,,,,,
predictions,#سید_حسن_نصراله,med,neg,pos,,,,,,
predictions,ثريا قاسمي تو شب دهم به حسين ياري ميگه اما يه جوري ميگه كه واقعا آدم دلگرم ميشه,pos,neg,neg,,,,,,
predictions,من هم که دیدم این دوستمون داره اسمارت اس بازی در میاره و توهین میکنه گفتم که با پشتیبانی صحبت میکنم و ایشون هم گفتن «هر طور که راحتی». با پشتیبانی تماس گرفتم و مشکل رو کامل توضیح دادم، پشتیبانی هم گفتن که مامور ۵ دقیقه منتظر می‌مونه و من هم گفتم که ایشون یک دقیقه هم منتظر نبوده,neg,neg,pos,,,,,,
predictions,دوستان چراخبری ازهنگامه شهیدی عزیزنیست حتی خانواده اش هم اطلاعی نمیدهند #نگرانم,neg,neg,neg,,,,,,
predictions,محمود گاگول اول از ضعف های خودت بگو کودن نفهم #کودن,neg,neg,neg,,,,,,
predictions,هرچی برمیگردم عقب یادم نمیاد آخرین بار کی رو مودِ خوب و سرحال بودم,neg,neg,pos,,,,,,
predictions,واقعن می‌خواد گزارشگر شه!؟ معرفی‌ش کنم یه جا یا با مستی پرید از سرش؟,neg,neg,neg,,,,,,
predictions,واکنش هراس‌آلود مهره‌ها و رسانه‌های رژیم آخوندی در قبل تهاجم هوایی به دیکتاتور سوریه به ‌دنبال واکنش جنون آمیز ولی‌فقیه ارتجاع در قبال تهاجم هوایی سه کشور آمریکا، فرانسه و انگلستان به دیکتاتور سوریه، مهره‌ها و رسانه‌های رژیم نیز بیش از هر طرفی هراسان شدهاند pic.twitter.com/jY0P27CXm4,neg,neg,neg,,,,,,
predictions,خیلی خوبه بعد چند سال انتظار یه دختری میاد تو زندگیت که نقاط مشترکتون بی‌شماره از این لحظه‌ها واسه همه آرزو میکنم ^__^ #عشق,pos,neg,pos,,,,,,
predictions,باید رد شد! #فراموشی,neg,neg,neg,,,,,,
predictions,باغت آباد طاغی جان,pos,neg,pos,,,,,,
predictions,در سالروز وفات حضرت #خدیجة_الکبری ام المومنین، سلام الله علیها بیایید این بزرگوار را با سیل صلوات هامون خشنود کنیم اگر صلوات ها رو نمی فرستین لطفا #ریت و #فیو نکنید سهم هر نفر پنج #صلوات اگر بیشتر خواستین بفرستین در پایین منشن کنید در آخر تعداد رو اعلام می کنم,med,neg,neg,,,,,,
predictions,وقتی دردناک میشه که خاطره‌ی ویرانی‌های دیروزت ، پناهگاهِ امروزت بشن! #تلخند #TheNine,neg,neg,neg,,,,,,
predictions,وقتی میگیم ایران رو گروگان گرفتن بخاطر همین حرکات هستش تو کجای دنیا داخل پارلمان یک کشور پرچم یک کشور دیگه رو آتش میزنن ،جز این هستش که از این تنش همین آقا زاده ها و دو تابعتی ها بیش‌ترین سود رو میبرن #برجام #ما_گروگانیم,neg,neg,neg,,,,,,
predictions,@xavier_piadoso همین سرویس رو سایت #الکفیل وابسته به حرم حضرت عباس و سایت #الجوادین وابسته به امامان کاظمین دارند.خیلی خوبه جدی #احسنت,pos,neg,pos,,,,,,
predictions,دیروز #گپ نشون داد که از بقیه پیامرسانهای داخلی #بی‌کیفیت چیزی کم نداره با دوتا اکانت توی یک گروه عضو بودم با اولی پیام دادم بعد چند دقیقه خروج کاربری زدم با دومی وارد شدم دیدم پیام رو با اکانت دوم فرستاده نسخه تحت وبش هم که واقعا #افتضاح,neg,neg,neg,,,,,,
predictions,موافقم . ولی اینم در نظر بگیر که یبار زندگی می کنی . بنظرم در آینده چشمتو روی این طرز فکر الانت میبندی ..... نمیخوام جاج کنم . فقط یه نظره ..... اصن اینا رو ولش ایشالا شرایط ایران درست شه که این افکار منفی دیگه سراغمون نیاد,pos,neg,neg,,,,,,
predictions,بعضیا رو هم خودمون مینشونیم رو سرمون #ابله #پررو #کسخل,neg,neg,neg,,,,,,
predictions,فوری هم اکنون پایگاه هوایی اندروز ـ آمریکا آماده سازیها برای استقبال مقامهای عالیرتبه آمریکایی از سه گروگان آمریکایی که در کره شمالی در زندان بوده و به نشانه حسن نیت آزاد شدند pic.twitter.com/IY7TAmcMZ1,med,neg,pos,,,,,,
predictions,نامجو چقد عزیزه، چقد خوبه، چقد عالیه، چقد بلده، چقد من بگم این خوبه و کافی نباشه. لعنتی تو چقد خوبی اخه!! این “طلوع من” رو بازخونی کرده فقط سیگار میخواد چایی و هوای سرد سوزناک ! بشینی و بکشی و یخ کنی و گوش کنی و “حالا که هی میخوام شب و روز به هم دیگه دروغ بگن ساعتها هم دقیق شدن”,pos,neg,neg,,,,,,
predictions,مرا با وعده گندم فریبم دادی باغت آباد ... الوعده را تماما وفا نموده ای .,neg,neg,pos,,,,,,
predictions,هق,neg,neg,neg,,,,,,
predictions,از وقتی #هاشمی_رفسنجانی فوت کردند،مشکلات کامل ایران شروع شد.تازه معلوم نیست چطور ایشون فوت کردند.از وقتی #هاشمی_رفسنجانی فوت کردند،مشکلات کامل ایران شروع شد.تازه معلوم نیست چطور ایشون فوت کردند. #پلاسکو #سقوط_هواپيما #بیکاری #دروغ #گزارشگر #گزارشگر_منوتو,neg,neg,neg,,,,,,
predictions,هروقت شما اومدید هر دو اینهارا محکوم کردید ، من که از مریخ اومدم ، میفهمم منادیان صنعت حقوق حشر حسن نیت دارند.,neg,neg,neg,,,,,,
predictions,یک عمر به این بیشرفای حرومزاده بی عقل و هوسباز زن ستیز میدون دادیم و هیچی نگفتیم که روزگار ملت و ممملکتمون شده این! #بیشعور,neg,neg,neg,,,,,,
predictions,گذشت دیشب بود الان شادم ، دراین حد بی ثبات,pos,neg,pos,,,,,,
predictions,والا خودآگاه نیست هر کاری میکنم اشتباه تایپی عین شیطان بر سر توییتهای من چمبله زده هر چی بیشتر سعی میکنم درصد خطای تایپم بیشتر میشه شما بگذرید این یه مورد ر منم از این بعد نارسایی دارم حالا گاف هایی که در اثر این اشتباهات تایپی دادم ر دیگه نگم بهتره,neg,neg,neg,,,,,,
predictions,کاش بابا امشبم بیاد به خوابم! اون وقت میشه سه شب پشت سرهم خوابشو دیدم!خوابش آرامش بخشه!لطفا امشبم بیا #دلتنگ,neg,neg,neg,,,,,,
predictions,نگاهی به این مجلس بی بخار و ترسو کن واقعا فکر میکنی دوره بعد صادقی تایید صلاحیت میشه؟ شک نکنه رد صلاحیت میشه... #مجلس_دستچین_شده #مجلس_فرمایشی,neg,neg,neg,,,,,,
predictions,الان تو از جنگ شیعه سنی انتظار دست آورد داری؟ مگه برا مردم یمن میجنگن که انتظار دستاورد داری براشون,neg,neg,neg,,,,,,
predictions,#به_رغم_مدعیانی_که_منع_عشق_کنند جمال چهره تو حکم موجه ماست,neg,neg,neg,,,,,,
predictions,دمت گرم حرف دل منو زدی، اینا رسما مغازه زدن برای مردم بیچاره,pos,neg,pos,,,,,,
predictions,فی الواقع چیز لق امثال دولت آبادی دیوث. باز هم بگذارید نسبی گراهای ملوس بیایند و فحاشی به استاد را تقبیح کنند، خوشا چنین قباحت و دریدگی ای.,neg,neg,neg,,,,,,
predictions,#خامنه_اى_يك_حرامزاده_است,neg,neg,pos,,,,,,
predictions,شاهین داداش این ملت با گوگل بیگانه ست یکی ی چیزی میگه همه میگن هورا اینجوری میشه که ی آدم غیر سیاسی و علمی و صد البته مخالف رژیم آخوندی مثل دکتر فیروز نادری رو میشه با ی توییت و دو تا هشتگ خراب کرد و اینقد بهش فحش دادن که کم کم ناامید میشه از حمایت معنوی اپوزیسیون,neg,neg,neg,,,,,,
predictions,بپذیریم که ما به عنوان انسان حق داریم سلایق سیاسی متفاوتی داشته باشیم. اتحاد ما کلید پیروزی جنبشی است که آغاز شده است. #IranStrikes,pos,neg,pos,,,,,,
predictions,چه شب هايى كه با بچه هاى اروپايى دور هم نشستيم و حرف زديم و تا صبح بيدار مونديم. صميميت به اوج ميرسيد ولى فرداش انگار ديگه نميشناختنت. ابراهيم رو فقط نيم ساعت پشت دراى بسته ى يه جلسه ديدم و هنوز گاهى مسج ميده. ما شرقى ها عليرغم همه ى آشفتگى كشور و روانمون، گرمى خاصى داريم.,pos,neg,neg,,,,,,
predictions,به هر حال، مردم عزیز ایران همواره در حال انتخاب بین بد و بدتر بودند، سیستم فلسفی بد و بدتر در انتخابات که جواب داده و گروه کثیری رو همراه خودش کرده، با همان منطق بری جلو، حتما این هورا هم منطقی جلوه می کنه,neg,neg,neg,,,,,,
predictions,منم عاشق بچه ام خیلیااااا ولی شوهر دوست ندارم کاش میشد مریم مقدس وار بود ولی اونجوری الان باشیااااا ، مردم میگن حتما زدن بش در رفتن. تااازه شانسم نداریم بچمون عیسی طورم نیست ،بیاد به داد برسه،هعی.,pos,neg,neg,,,,,,
predictions,میتونست حتی مسلح شن من از کشته شدن اون یه نفر در جریان کازرون دفاع نمیکنم حرف من اینه که در همه جای دنیا پلیس یک کشور در قبال شهروند ها مصونیت قضایی داره و تمرد از دستور پلیس جرمه دیگه آتش زدن و لخت کردن و زیر گرفتن بماند,neg,neg,neg,,,,,,
predictions,عوضش سیزده به در سرحالی https:// twitter.com/mohandes_khast e/status/975852903545139206 …,pos,neg,pos,,,,,,
predictions,جناب شریعتمداری بهتر نیست درمورد حمید هیراد بنویسی و به هنرمند های داخلی بپردازی و کاری به کاراونور آبیا نداشته باشین؟ البته ابتذال بده خیلی بد دزدی که بد نیست میدونم #مبتذل,neg,neg,neg,,,,,,
predictions,"""۱۳۶۹/۰۱/۲۷ زاد روز یکی از بهترین های رپ فارسی... مرد تنها... علی سورنا"""" #سورنا #مرد_تنها #آوار #نگار #کویر""""""",pos,neg,neg,,,,,,
predictions,زنده باد دهه پنجاه هر حرکتی و تغییری هست با ما دهه پنجاه شرکع میشه https:// twitter.com/Mori_delbari_2 /status/1002231773668003841 …,pos,neg,pos,,,,,,
predictions,کاش یه دولتی بیاد اگه پول نفتمون رو خورد حداقل شادی رو قسطی بفروشه,neg,neg,neg,,,,,,
predictions,خود جمهوری اسلامی هم وسیله است برای دستیابی به قدرت و حکومت جهانی,neg,neg,pos,,,,,,
predictions,وقتی میگم فلان کارِت منو اذیت میکنه و باز و باز اون کار رو تکرار میکنی،اگه پفیوز نیستی پس چی هستی پدسّگ؟,neg,neg,neg,,,,,,
predictions,همین بلا بصورت پیام‌ برای من اتفاق افتاد نمیتونم توضیح بدم چقدر حس مزخرفی بود خصوصا که داماد‌ باهوش‌ متوفی پیام تشکر شرکت در مراسم عزاداری رو از زبان متوفی ‌ نوشته بود. خوش آمدی بمزارم‌ نموده‌ای یادم .بخوان تو سوره الحمد تا کنی شادم ‌ دوست عزیزم ممنون که در مراسمم‌ آمدی و....,neg,neg,pos,,,,,,
predictions,واسه درمان رفلکس چی پیشنهاد میکنید بیهوده ها؟,neg,neg,neg,,,,,,
predictions,نه ؛ مردنش به چه دردم میخوره ؛ اگه اخته کردن بود آره میارزید ؛ چون تو اعدام اون میمیره و راحت میشه و اینم منم ک باید با این زجر تا آخر عمر زندگی کنم ؛ البته آدم تا تو موقعیتش قرار نگیره واکنش واقعیش معلوم نمیشه,neg,neg,neg,,,,,,
predictions,لطفاً برنامه های جهت آگاهی بخشی به عموم مردم در مورد #نافرمانی_مدنی و #تحریم_خرید تولید کنید، ما اینجا هیچ تریبونی نداریم و همه جوره در خطر هستیم. شما صدای ایران آزاد باشید. سپاس از الطاف شما #IranStrikes #دومینوی_اعتصابات,pos,neg,neg,,,,,,
predictions,برداشتی اونوقت نه من ، که مردم جامعه قدردان و حامی تو خواهند بود. حسن آقا خمینی، وقتشه باور کنی مردم از خاتمی و میرحسین هم گذشته ن، وقتشه باور کنی کشتی ارزشمندی که جد شما ناخدای شایسته ای نبود براش، الان بدست نااهلانی ظالم به شکلی بدتر داره اداره میشه و اگر این ظلم نیست پس چیست؟!,neg,neg,neg,,,,,,
predictions,حرفش مصداق کلمه الحق یراد به الباطله. نتیجه چرتی گرفته اولا. ثانیا صاحب و مدیر مدرسه دقیقا هم فکر و هم عقیده زیباکلامه! نشون میده اتفاقا باید سختگیرتر بود.,neg,neg,neg,,,,,,
predictions,آدم های تند رو همیشه خطرناک اند...راستش غیر قابل اعتمادند... درست مثل اصرار به خونه دار کردن مردم بدون برنامه ریزی.. کی می دونه اگه مسکن مهر اصلا ساخته نشده بود الان چندین نفر از مردم زنده مونده بودن؟! #خیر_یا_شر #احمق #مسکن_مهر #مصیبت #زلزله #تلخ,neg,neg,neg,,,,,,
predictions,یه عکاس خبری هم داریم که معتقده در یک مراسم عمومی هرکی از چیزی عکس بگیره که اون هم گرفته، سوژه ایشون رو کپی کرده!!! #توهم,neg,neg,neg,,,,,,
predictions,"""نوشته """"برقع به لحاظ فلسفی قابل دفاع نیست"""". حالا منم قبول ندارم برقعو و با ترویجشم مخالفم و به دین بستنشم خلاف میدونم ولی... یعنی چی یه چیزی به لحاظ فلسفی قابل دفاع نیست؟ مثلا جوراب به لحاظ فلسفی قابل دفاعه؟ فلسفه مگه یه موجود مشخصه یا یه سری قواعد خاصه که بگیم فلانی باهاش مخالفه؟""",neg,neg,neg,,,,,,
predictions,همین الان با خواب شروع جنگ پاشدم حتی خوابش هم وحشت زده ام کرده,neg,neg,neg,,,,,,
predictions,فی الواقع خدا که فقط خدای آدم های خوب نیست، خدا، خدای زندانی و دزد و قاتل هم هست ما باید تلاش بکنیم برای اهلی کردن آدم ها، اهلی کردن یعنی ایجاد علاقه کردن فی الواقع خداوند اند مرام،اند معرفت و اند رفاقته... #مارمولک,pos,neg,pos,,,,,,
predictions,ساعت ۱۲:۳۰ شب تازه شروع کردن طبل زدن و عزاداری، خب من کیرم سر در خونه صاحب مجلس #عزاداری #محرم #طبل #بیشعور #الاغ #جاکش,neg,neg,neg,,,,,,
predictions,هنگام تنگدستی در عیش کوش و مستی که این کیمیای هستی، قارون کند گدا را #حافظ #مشاعره,med,neg,pos,,,,,,
predictions,هراس سر دژخیم قوه قضاییه از مجاهدین #IranRegimeChange #ایران #اعتصاب_سراسری #براندازم #قیام_سراسری #ایران_آزاد۹۷ #قیام_تا_سرنگونی pic.twitter.com/2rWO9GlUK7,neg,neg,neg,,,,,,
predictions,شما آخوندای مفت خور مخالف کمونیست هستید فقط بخاطر اینکه نشون میده مفت خور و بی مصرفید #اسلام #آخوند #مفتخور,neg,neg,neg,,,,,,
predictions,تنها برتری ما نسبت به نسلهای قبلی و بعدیمون اینه که هرروز که بخوایم میتونیم دوش بگیریم .قبلتر از ما حموم نبود،بعدتر از ما آب نیست #نسل_سوخته,neg,neg,neg,,,,,,
predictions,مگه میشه با داشتن همچین مادری اون یذره کسالت از بین نره . دختر انگشت پفکی خوبه خوبترم میشه اون امید و تو جشای تو میبینه و اون براش بهترین دارو و تقویت کنندس,pos,neg,pos,,,,,,
predictions,"""شبی حداقل یک دقیقه کتاب بخوانیم وقتی کسی جوان، زیبا، ثروتمند و مورد احترام است، می‌پرسیم که آیا شاد هم هست؟""""تا بدانیم که خوشبخت است یانه. ولی اگر شاد باشد،دیگر فرقی نمی‌کند که جوان است یا پیر، راست‌قامت یا گوژپشت، ثروتمند یا فقیر؛ چنین کسی شادکام است و این او را بس.""""""",pos,neg,pos,,,,,,
predictions,اینایی که نمیدونن#صدرامحقق رو برا چی گرفتن، فحش میدن یا دفاع میکنن ازش، هردو به یه میزان #احمق اند!,neg,neg,neg,,,,,,
predictions,با شروع فصل دوست داشتنت تغییر کردم هر روز و هر روز از درون بهاری شدم ،زیبا شدم ،با رفتنت هم عزیزم تغییر کردم هر روز و هر روز زرد و پژمرده شدم حتی زمستونم نشدم هیچ چیز زیبایی در من نیست ،نازیبا و تنهام . #خنگول,neg,neg,neg,,,,,,
predictions,تخت یک نفره پتوی یک نفره میز وتنها یک صندلی این ها لوازم خانگی نیستند... لوازم #تنهایی اند,neg,neg,neg,,,,,,
predictions,بستن شدن در ها گرچه دلگیر است شیر پا در بند همچنان شیر است حمله حمله حمله حمله حمله #پرسپولیس_ قهرمان _ایران pic.twitter.com/SgOkTPMPGD,neg,neg,neg,,,,,,
predictions,یه تماما خوشبخت و یه نسبتا بدبخت اون طرف :))))),pos,neg,pos,,,,,,
predictions,دِ کیری‌ مقام، 3000 تا فالویینگ داری ، یعنی چی؟ ینی اینکه گدای فالوئری، کف کص بدبخت کم میاری از کیر‌ و خایه فالوئرای فیکت بالا نرو حرف بزن ، هرچند ،جوری گاییدمت که نای حرف زدن نداری,neg,neg,neg,,,,,,
predictions,معرفي ميكنم پيشروي اصلاح تفكر عمومي بين دوستام @MJavadM1 pic.twitter.com/qVwmpn19nD,med,neg,pos,,,,,,
predictions,خوردن #میوه در وعده #صبحانه باعث سرحالی و #شادابی بدن می‌شود و از #یبوست پیشگیری می‌کند @IRNASEMNAN pic.twitter.com/q0IijctLg4,med,neg,pos,,,,,,
predictions,همانا ویرانی زمین بدلیل تنگدستی مردم است و تنگدستی مردم به دلیل غارت اموال آنها از طرف زمامدارانی است که به آینده حکومتشان اعتماد ندارند...! علی بن ابیطالب . #اعتصاب_کامیونداران,neg,neg,neg,,,,,,
predictions,سلیقه موسیقی رئیسم مثه منه سرویس کرده هرچی گوش میدم میگه بفرست فوبیای پلی کردن اهنگ گرفتم ،خوشتیپی احترامت واجب محبوببیتت سرجاش ولی دیگه گاییدی بکش بیرون آفرین,neg,neg,neg,,,,,,
predictions,هدف از #چهارشنبه_سوری #شادی بوده ولی الان ما تبدیلش کردیم به #ترس,neg,neg,pos,,,,,,
predictions,شما مولاعلی(ع) نیستی که سکوتت همیشه مصلحت آمیز باشه کاری کن قوه قضائیه! #سعید_طوسی #محمود_صادقی #شکایت_دارم,neg,neg,neg,,,,,,
predictions,من اسم تمام اهداف و خواسته هامو، آرزو میذارم که وقتی بهشون رسیدم، کامروا محسوب شم.,pos,neg,pos,,,,,,
predictions,از کل مجموع کشته شدگان زلزله اخیر تنها 2 نفر در مسکن مهر اتفاق افتاده است و اگر این مسکن ها نبود، آمار به بیش از دو برابر افزایش می یافت بعد #روزنامه_همدلی این وسط کل صفحه اولشو کرده مسکن مهر سلام #بیشعور,neg,neg,neg,,,,,,
predictions,وحشتناک گرمه,neg,neg,neg,,,,,,
predictions,بچه هاشون چى؟ اى كاش بچه هاشون رو كه همه اقامت آمريكا دارن رو هم ديپورت كنه! #سيف #آقا_زاده #ترامپ,neg,neg,neg,,,,,,
predictions,دمت گرم چی رو کردی ایول داری,pos,neg,pos,,,,,,
predictions,دوستم میگه ساعت ۳ نصف شب با کی قدم میزدی تو حیاط وی قبل ساعت دو بیهوش شده بوده خدا ب داد برسه جنم شبیه خودمه .... #داستان_ترسناک,neg,neg,neg,,,,,,
predictions,هواخواه توام جانا و می‌دانم که می‌دانی که هم نادیده می‌بینی و هم ننوشته میخوانی . #حافظ,pos,neg,neg,,,,,,
predictions,حرم امام رضا تو این دو روز به غایت خلوت بوده و اصلا #به_به #امامی_الرضا #شمس_الشموس,pos,neg,neg,,,,,,
predictions,معلّم شریعتی :« انتظار، ایمان به آینده است و لازمه اش انکار حال. کسی که از حال خشنود است ، منتظر نیست. »,pos,neg,pos,,,,,,
predictions,تو راس میگی عمویی، هر کی رفت طرف آمریکا باید بهش حمله کرد. تو خوبی. #عرزشی #یابو #داعش_وطنی,neg,neg,neg,,,,,,
predictions,قمپز دانشمندی.. جیره خور و مزدور .. ایجاد ترس و تشویش اذهان عمومی.. چقدر آشناست این برچسبا... خوشا به سعادت اون مملکتی که قراره بیوفته دست شما.. شما هم داری خیلی خوب به وظیفه‌ت خوب عمل میکنی جَوون ..خدا قوت..؛),pos,neg,pos,,,,,,
predictions,خوب که چی روز هزار دفعه این صحنه رو میشه تو خیابون‌ها دید #فارس_نیوز#بیناموس #دزد #دروغگو,neg,neg,neg,,,,,,
predictions,یه دوستی دارم همیشه میگه یه خواستگار داشتم فلان بود، یه خواستگارم فلان بود امروز فهمیدم به دوس پسرایی ک داشته می‌گفته خواستگار و البته به کسایی ک بهش پیشنهاد میدادن,neg,neg,neg,,,,,,
predictions,در عوض وقتی من شما را با چادر در حالیکه حس خوبی داری می بینم، احساس خوبی بهم دست می دهد که با انتخاب خودتان لباس می پوشید، و قدمهایم محکم تر می شود برای تلاش بیشتر در دستیابی به شرایط برابر با تو، در دستیابی حق انتخاب آزاد پوشش. #نه_به_حجاب_اجباری,pos,neg,pos,,,,,,
predictions,دولت آبادی کمونیست طرفدار دیکتاتوری پرولتاریا بود قبلا الان‌ هم ماله کش بعد از دیکتاتوری مطلقه فقیه روزه هم میگیره میره سر سفره جلاد بیشرفی اگر‌ تعریفی داشته باشه دقیق ایشون مصداقش هستند,neg,neg,neg,,,,,,
predictions,بدترین صدا ؛صدای بسته شدن زیپ چمدون مسافرتی #دلگیر,neg,neg,neg,,,,,,
predictions,دیدین بعضی باباها برای زن و بچه خودشون مثل سگن ولی به دیگران که میرسند خوش خنده، خوش سفر، خوش مشرب و دست دل باز میشوند عین رژیم ج.ا خودمون #IranRegimeChange #تجاوز_به_دانش‌آموزان #اعتراضات_سراسری,pos,neg,pos,,,,,,
predictions,قهرمانی #رئال رو به آقا تبریک میگم و این جام رو تقدیم به ایشون میکنم که اگر حمایت های کلامی ایشان نبود دستیابی به این مهم میسر نمیشد.,pos,neg,pos,,,,,,
predictions,جدا امروز به یک هموطن بحث که باید به افق سوئد روزه گرفت یا نه، میشه بیست ساعت. داشتم فکر میکردم چقدر اسیر پوستیم. انگار افتخار داره یک ماه بیست و دو ساعت گشنه بودن.... چقدر ساعت رو آدم بود تو این ماه جدا.,neg,neg,neg,,,,,,
predictions,حال گریختن ازکشتی شکسته‌ی نظام هستند.دفترِ ایامِ کابوسِ ج اسلامی به صفحه‌ی آخر رسیده است. تصمیم‌سازانِ اصلی این پایان‌بندی، برخلاف شعارهای باسمه‌ایِ توهم‌زدگانِ چپ‌نما و سودجویان خارج‌نشینِ هواخواهِ ج اسلامی، نه «امت همیشه در صحنه‌ی ایران» و نه «امام غایب» هستند. موازنه‌ی قوا,neg,neg,neg,,,,,,
predictions,مدتی رفتیم و او یکبار یاد ما نکرد #وحشی,neg,neg,neg,,,,,,
predictions,من نمیدونم درست دارم رپلای میکنم یا نه. اما با این وضعیتی که شما بدون تردید مطلعین هیچ مربی بزرگی به این خراب‌شده پا نمیذاره. هیچ مربی بزرگی به این کشور نمیاد. ورزش گره خورده به سیاست. بله کی‌روش جای نقد داره، اما نقدی که از تسویه حساب و تعصبات رنگی نشات گرفته نباشه,neg,neg,neg,,,,,,
predictions,دلم برای تو تنگ است و این، محزون ترین اخبار شبانگاهیست... #عشق #دلتنگی #شعر,neg,neg,neg,,,,,,
predictions,. #دلتنگی,neg,neg,neg,,,,,,
predictions,#موهاش دریا بود #دنیامو زیبا کرد فهمید دیونه ام موهاشو کوتاه کرد. #بیشعور #عوضی #لجن,neg,neg,neg,,,,,,
predictions,به امید خدا ک نت خونگیه دیگه سیمکارتی ک نیست احیانا :|,neg,neg,neg,,,,,,
predictions,مسلمان کشی چه ایرادی داره مگه؟ تازه ثواب هم داره و امام زمان خییلی خشنود میشن از کشتن هر چه بیشتر مسلمانان فعلا ۵۰۰ هزارتا کشتن مخصوصا کودکان سوریه حضرت فرمودن هیچ چیز به اندازه فواره خون گلوی کودکان سوریه برایم لذت بخش نیست,neg,neg,neg,,,,,,
predictions,میدون مادر یکی هست شیر انبه بستنی و... قاطی کرده با هم هیولا اونو بزنی به اسمش دیگه فکر نمی کنی,pos,neg,neg,,,,,,
predictions,تو بگیر ده تا بگیر دوازده تا اصلا یک گردان انشالله خوشبخت بشی,pos,neg,pos,,,,,,
predictions,تو خوب تو مرد تو قهرمان ملي !,pos,neg,pos,,,,,,
predictions,من خودم اسطوره سر و صدا راه انداختنم وقتی مشکلی پیش میاد.حالا میدونین قسمت وحشتناکش چیه؟سر و صدا راه بندازی،دور و برتم پر مرد باشه،ولی چون هیچکی حوصله دردسر نداره خودش و قاطی نکنه،اونیم که داره اذیت میکنه ازین که کسی چیزی نمیگه ذوق زده تر بشه و به کارش ادامه بده!وضعیت تهوع آوریه,neg,neg,neg,,,,,,
predictions,سلام. عرض کردم که بدبینانه اس حرفم ولی واقعا کاش این درّ تو صدف بیشتر از #راشل_کوری مورد اشاره برادران! بود. و ایضا اینکه دوستدار شما هستم...,pos,neg,pos,,,,,,
predictions,نه ولي وقتي بچه ميبينه مامانش هراسان داره فرياد ميزنه ميترسه مادري كه خودش ترسيده چطور بچش رو با خنده آروم كنه؟,neg,neg,neg,,,,,,
predictions,من خشمگینم ! مردم هم مثل من خشمگینند از : دیدن جوان هموطنم که کولبری میکند از دیدن بچه های کار که باید بجای درس خواندن کار کنند از دیدن شرمندگی پدران سرزمینم از دیدن جوانان مملکتم که بهترین سال های زندگی خود را هدر میدهند از دیدن این همه اختلاف طبقاتی /,neg,neg,neg,,,,,,
predictions,یه جمعی از د‌وستان شاد، باجنبه و بامرام که دورهم جمع شدیم برای ترویج فرهنگ شادی، خنده، مثبت اندیشی ومحبت تو این زمونه‌ای که کمتر پیدا میشه متاسفانه! که برای ترویج اون هم از کلمه محبت‌آمیز #عزیزم استفاده میکنیم. امیدوارم توضیحی کاملی داده باشم #عزیزم https:// twitter.com/zamanshoar/sta tus/978354854816083969 …,pos,neg,pos,,,,,,
predictions,واقعیت اینه که نمیشه قیمت زمین و ارزش افزوده رو در جهت‌دهی معماری و متد ساختمان سازی نادیده گرفت. واسه همین این لفاظی‌ها بیشتر مزخرف گفتنه. تغییر سبک زندگی هم مسلما دستخوش همین عوامل اقتصادی و تلفیق فرهنگیه که نتیجتا نوع نیاز انسان امروز رو نسبت به اون افراد متفاوت میکنه.,neg,neg,neg,,,,,,
predictions,و می‌شود از این‌هم خوب‌تر باشی؟ https:// twitter.com/snzzzzzzzzz/st atus/939205978016202752 …,pos,neg,pos,,,,,,
predictions,"""جدیدترین پیامک های فلسفی – fovj جدیدترین پیامک های فلسفی جدیدترین پیامک های فلسفی",med,neg,pos,,,,,,
predictions,فاطمه سعیدی : مطالبات مردم فقط اقتصادی نیست ، صدای مردم را بشنویم ، هم‌زبان باشیم چیزی ما را تهدید نمی‌کند https:// negaam.news/1397/02/22/344 869/ … pic.twitter.com/OTkhaJ7aOk,pos,neg,neg,,,,,,
predictions,منم خیلی تصاویر توی ذهنمه که زمانش برام مشخص نیست اما قدیمی ارین اش جون سیاه ترین و وحشتناک ترینش هم هست، بخوبی یادمه کدومه,neg,neg,neg,,,,,,
predictions,خیلی مخلصیم آقا جان❤❤❤❤,pos,neg,pos,,,,,,
predictions,یکیشون که تو بغلم مرد یجورایی تراژدی بود:)) :((,pos,neg,neg,,,,,,
predictions,دمت گرم حقوق هارو ریختن به حساب یا نه؟؟واسه من واریز نشده هنوز,pos,neg,neg,,,,,,
predictions,وقتی پسرا از بچگی شوخیشون میشه انگشت کردن همدیگه تو مدرسه بی شک از هر مدرسه ای یه تعداد متجاوز و یه تعداد بیگناه ترسو بیرون میاد ! از ریشه مشکل داره داستان ... #MeToo,neg,neg,neg,,,,,,
predictions,یه دوست همه چی تموم دارم، پولدار و خوشگل و تحصیل کرده و بسیار خواستنی. بعد همین بشر همیشه در حال بدبیاری در رابطه و زندگیه. هر وقت خیلی حس بدبختی دارم اونو واسه خودم مثال می‌زنم می‌گم سارا جون کتف چپشم نیستی ولی اوضاعت ازش بهتره. اینجوریه که ادامه می‌دم.,neg,neg,neg,,,,,,
predictions,دوستی می‌گفت: از خود ما رستم شدی آخر به ما دشمن شدی #ضربالمثلدری #لاشی,neg,neg,neg,,,,,,
predictions,دم در موقع رفتن، سیامک گفت فردا زنگ بزن بهم یادآوری کن بیام دریل کاری هارو انجام بدم برات، با خوشحالی داد زدم مرسی خدا جونم :)) #خوشی,pos,neg,pos,,,,,,
predictions,تا حاظر نشید برای آزادی در کشته شدن پیش قدم بشید هیچ چیزی تغییر نمیکنه....صدتا 40 سال هم بگذره همینه..... #ترسو #بزدل,neg,neg,neg,,,,,,
predictions,راستي جان ادميزاد سيري چند؟ فصل حراج است اين فصل... #سارو_قهرمانی #سيناقنبری #سانچی_غرق‌_شد #معدن #پلاسکو #زلزله,neg,neg,neg,,,,,,
predictions,اگر #باران نبود کسی نمی دانست هوا #دلگیر است,neg,neg,neg,,,,,,
predictions,چه با #شکوه #دولت #آخوند رفت و رفت و رفت تا #موزه #لندن,neg,neg,neg,,,,,,
predictions,سپاس از جناب نخست وزیر ⚘ #IranRegimeChange,pos,neg,pos,,,,,,
predictions,ماله کشان هرچه زودتر خوشحالمان کنید #دزد #آخوند,neg,neg,pos,,,,,,
predictions,قالیباف هم‌چنان دروغ‌ می‌گوید و توهین می‌کند. دزدی که فریاد دزد دزد سر می‌دهد. #مناظره_سوم #کثیف,neg,neg,neg,,,,,,
predictions,یه وضعیت روانی هست به اسم مسوفونیا. بعضیا بهش دچارن... من خودم از صدای جویدن و هورت کشیدن و خلال کردن دندون متنفرم و تا حد انفجار عصبانیم میکنه. ممکنه این باشه.,neg,neg,neg,,,,,,
predictions,وزیر خارجه آمریکا از دستیابی به رویکردی مشترک با اروپا در برابر ایران اطمینان داد http:// bit.ly/2GI1Mz9,med,neg,pos,,,,,,
predictions,همه یه جوری در گیر و گرفتار یه سری عقاید چند قرن پیش هستن,neg,neg,neg,,,,,,
predictions,ماهی بیچاره را آب آن چنان تازه نکرد.... آنچه کرد اندر دل وجان‌های مشتاقان صیام... گر چه نفست رستمی باشد مسلط بر دلت!! لرز بر وی افکند چون بر گل لرزان صیام... #مولانا #رمضان_الكريم,neg,neg,neg,,,,,,
predictions,از این پس بجای کلمه ی غریب #خانه_ملت ( #مجلس_نمایندگان ) باید #دار_المنافقین نامید. #مجلس_غربگرا #شفافیت_آراء_نمایندگان #فرجام_غربگرایی #شفافیت #شفافیت_آراء_مجلس #بی_غیرت #مفت_خور #نفوذ,neg,neg,neg,,,,,,
predictions,"""وقتی که مجروح و زخمی میشی باید درمانش کنی اگه نه چرک میکنه و هزار درد و مرض دیگه میاد سراغت. جامعه ی زجر کشیده ما مثل اون جراحتِ",neg,neg,neg,,,,,,
predictions,چه درختای سرحالی ، کاملا مشخصه که خاکش شور نیست، برعکس حیاط خونه ی ما.,pos,neg,neg,,,,,,
predictions,بفرما تا تيشرت از كمد در اوردم طوفان شد نخواستيم بابا #هوا #طوفان #شانس #بارون #شيت_به_زندگي #سگ_توهوا,neg,neg,neg,,,,,,
predictions,بعنوان یه کتابدار و دیدگاه کتابداری .واقعا به کتابخوانی خیلی کم لطفی میشه,neg,neg,pos,,,,,,
predictions,#زندگي يعني... مداد #استدلر ، دفترچه يادداشت با #كاغذكاهي ، و بوي كتاب هاي #قديمي .... #حال_خوش,pos,neg,neg,,,,,,
predictions,یه تپه الان هست که اسمش نریده‌س نزدیکای پارچین و صنایع موشکیه انگار حالا اگه اونجا سالم موند ایشالا حتما قبول میکنم,pos,neg,neg,,,,,,
predictions,#بیشعور,neg,neg,neg,,,,,,
predictions,تنها حس من به شما تنفر به شما #احمق,neg,neg,neg,,,,,,
predictions,شادم ، كه ز شاديِ جهان آزادم! #مولانا,pos,neg,pos,,,,,,
predictions,خبر دارید اینستاگرامم فیلتر شده یا ن,med,neg,neg,,,,,,
predictions,چه جالب كه كل مشكلات مملكت ما تو فيلتر كردن يا نكردن تلگرام داره جلو ميره تا كي جهل و ناداني پيشه ميكنيد ملت يكم بخودتون بيايين و براي سرافرازي اين انقلاب و نظام قدمي برداريد،انكسي هم كه كشور را ترك كرد لياقت موندن تو كشورمونو نداشته اگه داشت ميموند و خدمت ميكرد به انقلابمون.,neg,neg,neg,,,,,,
predictions,با جماعت ابله طرف شدم.زیاد خودم خسته نمیکنم.چون همین قدر هم نمیفهمی.یعنی خدا چقدر زحمت کشید تا موجودات ابله مثل شما و طالبان و داعش رو یکجا افرید.فکر کنم خدا.رید.در حد کلاس پیش دبستانی.بالاتر.نمیفهمید میزنید به 28 مرداد و عمام تو چاه.فهمیدی؟یا برات نقاشی,neg,neg,neg,,,,,,
predictions,نه مثل اینکه جداً خیلی از این ارزشی‌ها تنفر داری، هر جور شده بارون‌رو ربط دادی به ارزشی‌ها,neg,neg,neg,,,,,,
predictions,هیچی فقط دلم یه جورایی سوخت ... این واژه چند وقته هرروز یه جایی که میخوام برم یه کاری که میخوام بکنم خود نمایی میکنیه... pic.twitter.com/EmdjQ24FLf,neg,neg,neg,,,,,,
predictions,چه هوس برانگیز ! :),pos,neg,pos,,,,,,
predictions,عینک آمریکایی زدم چون طرفدار امریکای جهانخوارم که به جام جهانی صعود نکرده,pos,neg,neg,,,,,,
predictions,شیرین چجوری کامروا بود با اون دل خونش؟ https:// twitter.com/Mahooolak/stat us/990527920773922818 …,neg,neg,pos,,,,,,
predictions,حالا که خیط شدی دیوث #ولایتمعاش #مزدور_سایبری #دروغگو,neg,neg,neg,,,,,,
predictions,راستی، وقتی یه روز خوب میاد شاید از ما چیزی نمونه جز خوبیا #هیچکس مود,pos,neg,pos,,,,,,
predictions,من هروقت آهنگ منتظرت بودم داریوش رفیعی رو گوش میدم تو ذهنم یه پیرمرد عصا به دست میاد که چشماشو بسته رو صندلی راک کنار گرامافون نشسته و این آهنگو پلی کرده,neg,neg,neg,,,,,,
predictions,با من باش تا کامروا گردی:),pos,neg,pos,,,,,,
predictions,والا مجتباجان، ما معنی #تجاوز رو نمی‌دونستیم. با این تعریفی که اینا می‌کنن، بله ‌. به کرات.,neg,neg,neg,,,,,,
predictions,خوشا به حالت. حالش رو ببر.,pos,neg,pos,,,,,,
predictions,وقتی ا.ن میاد میگه آب بریز اونجا که میسوزه و ممه رو لولو برد پولادگر گوسپند هم میاد به رضا مهماندوست میگه مزدور! #بیشرف,neg,neg,neg,,,,,,
predictions,خود دانشگاه جشن 22 بهمن برگزار میکنه واسه اینکه نشون بده خایه ماله! اونوقت 4 تا دانشجو شرکت میکنن که نشون بدن خایه مال ترن؟؟ #خاک_بر_سر,neg,neg,neg,,,,,,
predictions,@mitrazamani09 نه گل و بلبل نیست . ولی ما حواسمون هست کیا دارن گند میزنن و بدبختیامون از کجاس. ولی یه عده سعی دارن گناهشونو بندازن گردن یه عده دیگه . شما هم لطف کن دیگه بنده رو ریپلای نکن . چون مشخصه جیب شما هم آره,neg,neg,neg,,,,,,
predictions,هیچ چیز به اندازه خنده های صادق لاریجانی موزی برای من زور نداشت #دوقطبی #آتش_به_ختیار #روحانی #فضای_امنیتی #رهبر #ترس #24میلیلون_هیچ,neg,neg,neg,,,,,,
predictions,از اسمش پیداست : #آخوند = #دزد,neg,neg,neg,,,,,,
predictions,شاید تنها کشوری باشیم که به جای استفاده از خود پل عابر پیاده، از سایه اش استفاده میکنیم!!! #تلخند #فرهنگ,neg,neg,neg,,,,,,
predictions,ی نصیحت: همیشه مثل سوگند به خودتون افتخار کنید^__^ https:// twitter.com/Mahia__Panahi/ status/1002260474736586753 …,pos,neg,pos,,,,,,
predictions,خوش‌بختانه این مسائلی که گفتم کمترین حدش رو توی دانشگاه خودمون شاهدش بودم و بیشتر منظورم جریان کلی انجمنیاست. در ثانی جز قسمت آخر جمله‌م که گفتم بقیه رو حذف میکنن بقیه جمله‌م کجاش میتونه اشتباه باشه؟:پول ملت و پشت ‌ گرمی دولت.,pos,neg,neg,,,,,,
predictions,من از اون داستان اینقد وحشتزده شدم که دیگه میترسم.,neg,neg,neg,,,,,,
predictions,وقتی ته رول داری، یه پشت گرمی خاصی همراهش هست.,pos,neg,pos,,,,,,
predictions,#وطن_فروش #خائن #نوکرروسیه #نوکرانگلیس #چریکی,neg,neg,neg,,,,,,
predictions,من برانداز نیستم و معاقد به اصلاحات هستم از برخی کاربران برانداز هم متنفرم حتی بیشتر از یه سری کاربران ارزشی! ولی این حجم از توهین اونم توسط کسی که فکر میکنه اون عبا و عمامه براش حاشیه‌ی امن فراهم کرده قابل قبول نیست و باید با ادبیات خودش بهش جواب داد,neg,neg,neg,,,,,,
predictions,خیلی جایه بدیه انقد بد که از نخبه تا ادم معمولی ارزوی رفتن به درگاهشو دارن . حتی شنیدم بچه های تنی چند از مسولین عرزشی هم اونجا با بدبختی زندگی میکنن . نمونه اخرشم همین دوست عرزشیتون بود که با چنتا توله و زن چادری همچین پسش فرستادن که جاش حالا حالا میمونه,neg,neg,neg,,,,,,
predictions,خیلی سعی می‌کنم تو مصاحبه آدم مثبت اندیشی باشم، روحیه تعاملی از خودم نشون بدم و آینده رو روشن ببینم. اما واقعیت اینه که فقط سعی می‌کنم.,neg,neg,neg,,,,,,
predictions,زندگیم خلاصه شده تو یک چیز #تخمام #هه #کیر,neg,neg,neg,,,,,,
predictions,جانم فداي رهبر,pos,neg,pos,,,,,,
predictions,فقط یه رفیق میتونه بشوره ببره درداتو باغت اباد رفیق,pos,neg,pos,,,,,,
predictions,در هر کجا که باشیم فرق نمی کند که کی باشیم ولی همیشه باید در کنار انسانی باشیم که نیاز به کمک دارد او از این کمک ما دلگرم می شود و ما هم همراه با او می شویم این حس انسانیت ما را در این نبرد به هم نزدیک تر و متحد تر می کند #RaminHosseinPanahi pic.twitter.com/lIRLbulzyS,pos,neg,neg,,,,,,
predictions,شاش قبل ازخواب موجب آرامش شاش بعدازخواب موجب سرحالی پس همواره بشاش به این زندگی که شاد زندگی کنی مثانه تان پرازشاش ، زندگیتان بشاش بخندو کپی نکن ...اگه برسه دست مکارم شاشیدن رو هم حرام میکنه سلام,pos,neg,pos,,,,,,
predictions,خب دوستان میخایم تو توویتر معروف شیم. بریم سراغ مواد مورد نیاز: ممه دو عدد پر و پاچه به مقدار لازم عکس پروفایل شاخ یک عدد کافیه مواد رو با هم ترکیب کنید و 120 دقیقه در مجاورت پسر های هول قرار بدید #توویتر #شل_مغز,neg,neg,neg,,,,,,
predictions,واقعا یه مشت دیوانه دور هم جمع شدن یکی از چیزایی که ازش میترسم اینه که فیلتر تویترو بردارن اونا بیان اینجا,neg,neg,neg,,,,,,
predictions,کجات می سوزه از اینکه ایران به سمت روسیه وچین می رود ؟ چرا از این همه نقص عهد غربی ها فریادت بلند نیست ؟ مثل: لغو قرارداد برجام کرسنت پژو بویینگ ایرباس توتال بحث موشکی حقوق بشر دستگیری دیپلماتهادرهلند وآلمان چند گرفتی از غربی ها تاتوییت برضد منافع ملی بزن,neg,neg,neg,,,,,,
predictions,واقعا رهاسازی؟؟؟؟؟؟؟؟؟؟؟؟؟؟؟ یوتانایزش کنن شرافتمندانه تر نیست؟؟ گربه کور رهاسازی بشه که با زجر و ترس بمیره؟؟ بمیریم، منقرض بشیم که دنیا از رذالتمون راحت بشه. بشر نفرت انگیزترین موجود در تمام کهکشانهاست.,neg,neg,neg,,,,,,
predictions,نامه نگاری برای رفع #فیلترینگ #توئیتر یا تمرکز زدایی از فیلترینگ #تلگرام ؟ یکی از تکنیک های روابط عمومی ، بزرگنمایی و تمرکز بر #خبر خوش برای به دست فراموشی سپردن خبر بد است. تکنیک دیگری هم هست که در آن بر یک خبر بد تمرکز میکنیم که اذهان از خبر بدتر دور شود.,neg,neg,neg,,,,,,
predictions,دقيقا بواسطه همين پشت گرمي همينطور عربده ميكشن، همشوووون، همشووون,neg,neg,pos,,,,,,
predictions,امروز صبح نشستم وسط خونه و زار زار به خاطر اینکه کارهای فنی بلد نیستم و همه ی دستورات تلفنی صادره از جانب پدر و برادرمو رو مو به مو انجام میدم ولی باز به نتیجه ای نمی رسم، گریه کردم. #فنی #گریه,neg,neg,neg,,,,,,
predictions,رفتم فیلم «عصبانی نیستم» رو دیدم شاید باید ولت کنم ، چون دوستت دارم یادته میکفتی کلی خواستگار پولدار داری؟ #استاد,pos,neg,neg,,,,,,
predictions,هم اکنون کازرون. حمله امشب نیروهای سرکوب گر به ماشینها و موتور سیکلت های مردم. اول چک میکنند کسی نبینتشون بعد موتورارو پنچر میکنند. ۳۰ اردیبهشت #اعتراضات_سراسری #براندازم ویدیو و خبرهای تازه https:// t.me/rezashahbozoorg https://www. facebook.com/10000763825694 4/videos/2078476595750262/ …,neg,neg,neg,,,,,,
predictions,#آمين #موفق,pos,neg,neg,,,,,,
predictions,یاد و نام این بزرگمردی که تاریخ ایران به خود تا به حال ندیده است گرامی ، افسوس که هنوز هم بعضی از ما نمی دانیم او چه شخصیت والایی بود و هدفش برای ایران و ایرانی چه بود و عجیب تر اینکه هنوز هم بسیاری از ما نمی دانیم. عجبا از این بی لیاقتی ما از داشتن و حفظ یک چنین شخصیتهایی بی pic.twitter.com/RRnR3rzd2d,pos,neg,neg,,,,,,
predictions,تمدنها را انسانهایی میسازند که از آنچه دارند خشنود نیستند و درپی تعالی هستند تمدن ها گفتگو نمی کنند،تعامل دارند,med,neg,neg,,,,,,
predictions,هر روز دنبال کس و کون جدیده بعد چسناله هاش توو اینستا مال ماست #جاکش,neg,neg,neg,,,,,,
predictions,بنده طرفدار اصل نظام هستم و خواهان اصلاحات در کارکرد مدیران آن.و معتقدم مشکلات کشور در داخل به دست خودمون حل میشه نه آمریکا و اسراییل یا مجاهدین خلق.اینا اگه غم مردم ما رو میخوردن هواپیمای مسافر بری رو روی هوا نمیزدن،دانشمندهای ما رو ترور نمیکردن،۱۷ هزار شهید ترور نداشتیم و...,neg,neg,neg,,,,,,
predictions,"کارما دیگه از اینکه بشین ی گوشه غصه بخور و و اینور اونور چسناله کن گذشته ! مادیگه رگ گردنمون میزنه بیرون , فحش میدیم و یقه میگیریم !! #وحشی",neg,neg,neg,,,,,,
predictions,همه چیز به «اونها» مربوط نیست. بهرحال باید به مردم هم ایراد گرفت، مثلا وقتی این به اصطلاح خبرنگار تهدید می‌کنه، مردم باید خودشون جواب این گستاخی رو بدن. https:// twitter.com/mohammadmosaed /status/1001044528336322560 …,neg,neg,neg,,,,,,
predictions,ننگ بر این تفکرت,neg,neg,neg,,,,,,
predictions,بالاخره بعد از یک دوره انتظار شیرین کتابم منتشر شد... ‌ سپاس از همه عزیزانی که در این مدت در کنارم بودند #کتاب #هفت_گام_تا_خوشبختی #مثبت _اندیشی pic.twitter.com/BKaODrvEfE,pos,neg,pos,,,,,,
predictions,ناراحت کننده است ولی اینها برای دریافت پول بیشتر ( از حماس با پول دزدیده شده ملت ایران ) تمام اعضاع خانواده را به تظاهرات آورده اند ! ملت من در فقر و تنگدستی هر روز هزاران بار میمیرند . #غزه به جهنم بره حق شون همینه . بچه های خودمان برایمان بیشتر ارزشمند هستند. #ایرانی_به_پاخیز pic.twitter.com/S8DrbTTuFO,neg,neg,neg,,,,,,
predictions,وزیرخارجه میرحسین موسوی،مذاکره کننده ارشد قطعنامه ۵۹۸،وزیرخارجه رفسنجانی،حامی میر حسین موسوی در سال ۸۸،عامل اصلی برهم خوردن توافق هسته‌ای تهران در زمان احمدی‌نژاد. دیروز حامی اصلی برجام و امروز منتقد انقلابی برجام بزدلانی کز هراس ابتر شدند از بسیجی‌ها بسیجی‌تر شدند pic.twitter.com/jYj244tHVo,neg,neg,neg,,,,,,
predictions,"""خودِ #زینب ، جدا کرده علمدارای این خط رو """"",med,neg,neg,,,,,,
predictions,مثبت اندیشی به معنیِ انکارِ مُشکلات و بدی ها نیست، بلکه توجه نکردن به آنهاست.,med,neg,pos,,,,,,
predictions,يه كون دست عصا قورت داده دنده عقب اومد زد به گلگيرم :| حالا وسط اين همه گرفتاري،صاف كاري رفتن هم اضافه شد.,neg,neg,neg,,,,,,
predictions,عساه مايحدر #زهرمار,neg,neg,neg,,,,,,
predictions,دو چشمِ مستِ مِیْ‌ گونت، ببرد آرام هوشیاران دو خواب آلوده بِرْبودند، عقل از دست بیداران #به_به #تریوله #چشم_مست,pos,neg,neg,,,,,,
predictions,#خامنه_ای_دزد خنده های گاه گاهت خنده شیرین صبح کیسه کیسه پول ملت را بدزدی از شبی تا فجر صبح پشت دزدان جا دادی خان ملت را به ظلم ای که نفرینت بباشد ، از شبی تا فجر صبح,neg,neg,neg,,,,,,
predictions,اونا همونایی هستن که اربیین میرن کربلا قاشق زنی هالووین شرکت می کنن جشن شکرگزاری میگیرن هفت آبان رو گرامی میدارن در عین اینکه از وجود خیابون کورش تو تلاویو یه لرزش افتخاری تمام بدنشون میگیره ولی میگن اسراییل باید نابود شه. و در ضمن امید بذر هویتشون است .,neg,neg,neg,,,,,,
predictions,با شما موافق نیستم,neg,neg,pos,,,,,,
predictions,پس جمع کنین این بساط پشت گرمی رو,neg,neg,neg,,,,,,
predictions,حتی هوا برام ی بویی داره #حال_خوش,pos,neg,pos,,,,,,
predictions,یک عده ادما هستن.سرتاپا ادعان ادعا شعور فرهنگ دارن یادنگرفتن توکارای بقیقه دخالت.نکن فک.میکنن قضاوت نمیکنن اما میکنن این ادما ترسناکن ترسناک,neg,neg,neg,,,,,,
predictions,وقتی شما یه اتفاق خیلی بد براتون میوفته چهار مرحله سپری میکنید ۱-شوک و انکار ۲-خشم و اندوه ۳- سوگواری ۴-پذیرش و تطبیق,neg,neg,neg,,,,,,
predictions,خوشبختانه. البته خیلی ها که این هشتگ رو حمایت میکنند خودشون قربانی نیستن، از افرادی که به هر شکل آزار و آسیب دیدن حمایت، پشتیبانی و همدلی میکنن.,pos,neg,neg,,,,,,
predictions,قطعا به خاطر طبیعت هم که شده کاغذ دوستدار محیط زیست ولی تبلت با اون باتری و شیشه و برق مصرفی هرگز. خلاصه من چشام وقتی کاغذ رو لمس میکنم میبینه.,pos,neg,pos,,,,,,
predictions,اگه تو مرا دوست داشتی، اینجا نبودم... جانی در تَنِ محبوس نبودم...,neg,neg,neg,,,,,,
predictions,عزیزم!! لااقل چن جایی رو بزار که فقط خودت تو خونه ببینی‌... واقعا تو خونه چیو میبینی که ما نمی‌بینیم؟؟؟ (خطاب به مردایی که زنشون بدحجابه) #عصبی #شاید_موقت #پایتخت #لاتاری,neg,neg,neg,,,,,,
predictions,بچه دوست قدیمی مون 11 سالشه مامانش داشت ب مامانم میگفت اره دیگه باید برای شمیم جهاز جور کنم -_- اووو کجا میری یره خواستگار کجا بود دلت خوشه,neg,neg,pos,,,,,,
predictions,بله می بینم درخواستها رو. ولی نمیدونم چطوریه که بعضیا مشکل دارن بعضیا ندارن.بعضیا پول میدن بعضیا مجانی هم مشکلی ندارن.,neg,neg,neg,,,,,,
predictions,سحر خیز باش تا کامروا باشی برای پولداراییه که میخوان برن ورزشگاه انقلاب تنیس بازی کنن ساعت یازده هم برگردن خونه نه ما که برای یه لقمه نون باید تا بوق سگ بدوییم,neg,neg,neg,,,,,,
predictions,واقعا ما چه کرده ایم با دختران سرزمینمان که از سوار شدن در آسانسور با ما هم هراسان میشوند ؟ موجب شرمندگیست . حالا که حکومت در زمینه تعلیم و تربیت جنسی بیتفاوت و منفعل عمل میکند تنها راه ما همین گفتگو و آموزش در شبکه های اجتماعی و جمعهای دوستانه و خانوادگیست و,neg,neg,neg,,,,,,
predictions,خیلی هم عالی و دلگرم کننده,pos,neg,pos,,,,,,
predictions,هنوز مغزم نپذیرفته ک اومدم شمال دیگه.هی کلمو از پنجره میکنم بیرون میگم بــَه چه بوی شمال میاد و تا ساعتها شادم ^__^,pos,neg,pos,,,,,,
predictions,من الآن واسه برادرزاده هام از اینجا لالایی بخونم حسابه؟ #دلتنگی,neg,neg,neg,,,,,,
predictions,اشک مرد گریه مرد غم داره ، درد داره حالا فرقی نداره یه بچه ۷ساله باشه یا یه پسر ۲۰ ساله یا یه مرد ۵۰ ساله اشک مرد(غم)داره. #مرد #اشک #گریه,neg,neg,neg,,,,,,
predictions,بهم میگه یه سالی باهم رابطه داشته باشیم بعدش میام خواستگاریت، زرنگ این کلک ها واسه دختر 12 ساله کار سازه نه منی که خودم قول خواستگاری میدم :/,neg,neg,neg,,,,,,
predictions,#خدایا_ظهور_امام_زمان_را_نزدیک_بفرما,med,neg,pos,,,,,,
predictions,بخوابید تا کامروا شوید :],pos,neg,pos,,,,,,
predictions,ی شرکتی کار می‌کردم.سطل آشغال نداشت توی دستشوییش. باید می‌رفتی دستشویی پارکینگ وقتی پریود بودی. شاید باورش سخت باشه اما آقایون به این شرایط اعتراض کردن. گفتن خانوما سختشونه.با این حال بعضی خانوما می‌گفتن خجالت می‌کشن از اینکه آقایون راجع به این موضوع حرف زدن. #بهداشت_قاعدگی,neg,neg,neg,,,,,,
predictions,در عقلانيت #صداوسيماميلى همين بس كه عزاى عمومى اعلام كرده نوار مشكى گوشه تصوير گذاشته، آن وقت طنز شبانه پخش ميكند !!! #آشغال #کشتی_سانچی #نفتکش_سانچی #سانچى,neg,neg,neg,,,,,,
predictions,همه مخالفان حکومتی ،حتی اگر مطلبی درموبایل علیه حکومت بنویسد زندانی میکنند،،در تظاهرات دی ماه ۱۳۹۶ و تظاهرات ۱۳۸۸ و تمام تظاهرات دیگر،،مردم را شدیدا کتک زدند،،گلوله مستقیم زدند.برخی از شدت کتک همانجا مردند،،برخی در زندانها شکنجه و تجاوز و بیمار روانی شدند،جنازه ها را میدزدند pic.twitter.com/eXgYbbeYZh,neg,neg,neg,,,,,,
predictions,خب ترنس بشن،مگه چه عیبی داره؟ #کثافت_محض #زباله #لجن,neg,neg,neg,,,,,,
predictions,نه والا من خودم از جمله کسانی هستم که با مرده و زنده‌ی پدر دست به گریبانم و البته کماکان ناکام در گریختن از چنگ وی.,neg,neg,neg,,,,,,
predictions,کونونیسم خوبه! اونم ولایت معاش طرفدار این کسکشای عسلامیست! یه مشت کسخل طرفدار چارتا کسکش روس و چینی!,neg,neg,neg,,,,,,
predictions,پاکستان زندہ باد افواج پاکستان پائندہ باد,pos,neg,pos,,,,,,
predictions,خوب با برنداز‌ها حال میکنی‌، به هم تیکه میندزین، خخخخ. ما با اینها یه کم فرق داریم، با کسی‌ شوخی نداریم و تک تک شما‌ها را خواهیم کشت، کلاش و گوله‌هایش هم رسید، اگر عکس میخواهی‌ بگو هر #آخوند یک گوله هر #لباس_شخصی یک گوله تنها راه آزادی ایران، جنگ هست، فقط,neg,neg,neg,,,,,,
predictions,#رهبرم_را_عشق_است,pos,neg,pos,,,,,,
predictions,خامنه ای طوسی درمشهد رندگی میکرده هرهفته سری هم به تهران میزد که پیش خامنه ای میماند ولی خامنه ای دستور داد درپاسداران خانه برایش خرید که هروقت بتهران میامد خامنه ای میرفت پیش طوسی وشبا انجا میماند شما میدانید برای چی وچرا انقدر به سعید طوسی علاقمند وشبها پیشش میماند https:// twitter.com/bozorgariamehr /status/999730492638310400 …,neg,neg,neg,,,,,,
predictions,تو که خواستگار نصفه شبی داری،سر صبحی داری! تو دیگه چرا؟؟,pos,neg,neg,,,,,,
predictions,چرا هنوز افراد مزاحم و متلک پران و فلان و بیسار تو مترو و خیابون و کوچه و پسکوچه فکر میکنند ما عقلمون نمیرسه که بکشونیمشون به جلو نزدیکترین پلیس یا دادی سرشون بزنیم و اطرافیان رو متوجه این مزاحمت کنیم که حالشون رو یا جلوشون رو بگیره؟؟!! #عصبی #آخیش,neg,neg,neg,,,,,,
predictions,من دقت کردم هر وقت موقع چت/منشن از اموجی استفاده نکردم،بلا استثنا فکر میکنن دارم باهاشون دعوا میکنم:// واقعا چراااا-_-,neg,neg,neg,,,,,,
predictions,لعنت بهتون :)))) نمیدونین چقدر دیدن اینکه چقدر عاشق همین و حالتون باهم خوبه به اطرافیان تون - که ما باشیم - انرژی مثبت و حال خوش میداد !؟ این جدایی تون واسه ما غیرقابل تحمله خدا به فریاد خودتون برسه,pos,neg,pos,,,,,,
predictions,سیاہ ترین دورحکومت عبرتناک اختتام تک پہنچا تاجدارختم نبوت زندہ باد,pos,neg,pos,,,,,,
predictions,#قربان_آن_شوم_که_تو_را_آفریده_است_رهبرم,pos,neg,pos,,,,,,
predictions,نمیزاریم آب خوش از گلوی شما پایین بره #IranStrikes #IranRegimeChange,neg,neg,pos,,,,,,
predictions,دومی رو داشته باشی اولی هم راحت بدست میاد #ژن_خوب,neg,neg,neg,,,,,,
predictions,وزارت خارجه امریکا: کوریای شمالی در جریان سفر امروز مایک پومپئو به پیونگ یانگ، سه شهروند امریکایی را از زندان آزاد کرد. رییس جمهوری امریکا با قدردانی از رهبر کوریای شمالی رهایی شهروندان امریکایی را نشانه مثبت حسن نیت این کشور دانست https:// twitter.com/StateDept/stat us/994223652139913216 …,med,neg,pos,,,,,,
predictions,وقتی داداشت نیست حتی ساعت شروع فوتبالم نمیدونی #دلتنگی #دوری #فوتبال #تنهایی,neg,neg,neg,,,,,,
predictions,خب باید به اون دختر آفرین گفت چون خلا عاطفی داره و از خانواده مستحکمی برخور داره آفرین به انتخابت,pos,neg,neg,,,,,,
predictions,قهرمان من تویی کامیوندار درود بر شرفت #اعتصاب_کامیونداران #اعتصابات_سراسری #براندازم,pos,neg,neg,,,,,,
predictions,#بیشرف,neg,neg,neg,,,,,,
predictions,خوبه چند ماه هم از حمله داعش به مجلس و حرم امام نگذشته #نمک_نشناس,neg,neg,pos,,,,,,
predictions,پیروزی با قرآنه ! اینو نه خودش ، بلکه علم هم بهش گواهی داده !,pos,neg,neg,,,,,,
predictions,خب مجبورن دقت کنن تا بتونن از امتحان مادر ها سربلند بیان بیرون,pos,neg,neg,,,,,,
predictions,من از روزی که هوادار این تیم شدم فهمیدم همه اشخاص میان و میرن این پرسپولیسه که میمونه و در کنارش تمام کسایی که همیشه برای پرسپولیس افتخار آفریدن و باعث و سربلندیش شدن همیشه محبوب میمونن درخشان بود استیلی بود ژوزه بود دوره های سختی بود ولی همون روزا هم از هواداریش پا پس نکشیدم,pos,neg,pos,,,,,,
predictions,تلگرام خود را آپگرید کنید. قطعاً خشنود خواهید شد .,pos,neg,pos,,,,,,
predictions,"""جایی برای خودفریبی و مثبت ‌ اندیشی باقی نمونده. ما رسما"""" در «استبداد مطلق» زندگی می کنیم.""",neg,neg,neg,,,,,,
predictions,خداوندا خانم مادر اژدهاها ر در نبردهای آتی موفق پیروز و سربلند بدار,pos,neg,pos,,,,,,
predictions,نه غر نزدی داشتی مدح میکردی ببخشید من متوجه نشدم واقعا کمی تفکر لازمه برام,neg,neg,neg,,,,,,
predictions,یا اکثر امامزاده ها,neg,neg,neg,,,,,,
predictions,ي جاي قشنگ و خوش اب وهوا pic.twitter.com/Svtw3ycQeG,pos,neg,pos,,,,,,
predictions,محبوبی که همیشه هواخواه دارد آیفون سال ۲۰۰۷ خلق شد. خالق این گوشی استیوجابز، مدیر عامل وقت ش... https:// bily.ir/rDoYmR https:// bily.ir/rDoYmR,med,neg,pos,,,,,,
predictions,هر چند از نظر من بین شما عرزشیهای وحشی مواجب بگیر و دارو دسته حرومزاده مریم کجکی در خیانت به مردم و مملکت هیچ تفاوتی نیست،همه از هم کثیفتر و خودفروخته ترین، واز امروز به نشانه انزجار از وجودشماها، ورودعرزشیهای نجس رو هم مث مجاهدین منفور به بیوم ممنوع میکنم,neg,neg,neg,,,,,,
predictions,#شریفی_نیا کدوی تنبل و بیسواد اگه بجای لودگی و بی غیرت بازی تو دمای 40 درجه نون بازوشو میخورد و مثل زالو خودش و خونوادشو با بیت المال سیر نمیکرد الان نمیشدیم اسباب خنده ی دختر عقب موندش... #ملیکا_شریفی_نیا #خایمال,neg,neg,neg,,,,,,
predictions,برو بچه من از امتحان پاک تینتیم سربلند بیرون اومدم,pos,neg,neg,,,,,,
predictions,به تعداد انسان های روی زمین راه هست برای رسیدن به خایه مالی. #مارمولک,neg,neg,neg,,,,,,
predictions,خارجیا لامصبا برا انحرافات جنسیشونم اسم میذارن مثلا ترنس و هوموسک*شوال و اینا ولی ما تو فارسی به همشون میگیم کـ*ونی #کونی #جک,neg,neg,neg,,,,,,
predictions,این سخن را عینا من نیز میتوانم خطاب به شمایی که امری چنین بدیهی را کتمان میکنید بگویم. جانب انصاف عزیز است فرو مگذارش.,neg,neg,pos,,,,,,
predictions,دلم سالسا خواست یهو :)) #رقص #خوشی,pos,neg,pos,,,,,,
predictions,چالش #شعر میذارم ببینم چند نفر پایه میشن با #دود بر سر آتش تو سوختم و #دود نکرد آب بر آتش تو ریختم و سود نکرد آزمودم دل خود را به هزاران شیوه هیچ چیزش به جز از وصل تو خشنود نکرد #مولانا,med,neg,neg,,,,,,
predictions,مرگ بر ضد ولایت فقیه .مرگ بر آمریکا .مرگ بر اسراییل .,neg,neg,neg,,,,,,
predictions,اول ازدواج کن حالا، چه عجله ای داری. دیروز داشتی عروسی میکردی که,neg,neg,neg,,,,,,
predictions,میگویند به قدری آنجا را به تعفن و کثافت کشیده ام که دیگر نتوانستند بمانند. به راستی که #سوسول و #بی_عرضه اند #همیشه_حق_با_من_است #بیشعوری,neg,neg,neg,,,,,,
predictions,مقام قضایی اعلام کرد ۱۸ نفر در پرونده سکه و ماشین دستگیر شد خب آخه اگه به دستگیری باشه خودتو که از همه زودتر باس دستگیر میکردی #بی_ناموس #سوت_بلبلی #لومپن,neg,neg,neg,,,,,,
predictions,وقتی یه مطلبی واسه توییت بفکرم میرسه اینقدر دستپاچه تایپ میکنم کلی کلمه جا میندازم بهرحال ببخشید دوستان,med,neg,neg,,,,,,
predictions,وقتی در من انگیزه را بکشی وقتی شور و هیجان را از من بگیری جای اون همه قدرت ،ضعف میاد جا شو میگیره دیگه شب روز برات مهم نیست دیگه به صدای قلبت اهمیت نمی دی دیگه نمی خوایی زنده بمونی تنفس مشکل نور اذیت تاریکی ترسناک میشه.....,neg,neg,neg,,,,,,
predictions,"""وزير داخله با بسيار افتخار و سربلندي در فيسبوكش نوشته: """"ما به ترورستان جواب دندان شكن داديم."""" سخنگويش نيز در يك نشست خبري پس حمله: """"ما خواب تروریستان را پراندیم که دیگه بالای جایی مثل وزارت داخله حمله نکنند."""" اينكه ترورستان در بيخ گوش شان رسيده هيچ مهم نيست. بي شرمي تا اين حد!""",neg,neg,neg,,,,,,
predictions,بله که میشه. خود من اول ازدواج حاج ایا گفتن عدس پلو بار بزار عدس خام رو با رنج پختم سر سفره گفتن اشکال نداره ساندویچ هم خوشمزه است ولی ۳ روز مهلت میدم عدس پلو مجلسی یاد بگیری,pos,neg,pos,,,,,,
predictions,#دمت_گرم جدی,pos,neg,neg,,,,,,
predictions,وسط روز هیچ‌وقت زنگ نمی‌زنه. از بس نمی‌زنه، یک‌بار حین نهار زنگ زد؛ ترسیدم و به‌هراحتمالی فکر کردم. فقط شب، بعد از غروب آفتاب تا قبل از ساعت یازده.,neg,neg,neg,,,,,,
predictions,متاسفانه در جامعه‌ای زندگی می‌کنیم که دیگران هم در اون زندگی می‌کنن. #متاسفانه #جامعه #زندگی #متاثر,neg,neg,neg,,,,,,
predictions,#زیباترین_رهبر_دنیا,pos,neg,pos,,,,,,
predictions,در کشوریکه از آغاز ماه رمضان الی ختم اش فقط خونریزی و نا امنی باشد عید چی لذت خواهد داشت !!,neg,neg,pos,,,,,,
predictions,و البته اندیشه و عقیده ای که باب میل جمعی نیست و مخاطبان نسبت به اون عکس العمل نشون میدن هم کاری به حکومت نداره اگه بنا به دمکراسی و مردمسالاری هست که در دیدار مردم نظر خودشون را در خصوص سران فتنه با اون شعارها رسوندند,med,neg,neg,,,,,,
predictions,آنچنان in to me بود که اگه فقط سر کوچیکی به نشونه موافقت تکون داده بودم، الان از محضر برگشته و سر خونه زندگیمون بودیم #دیت #خوشی,pos,neg,neg,,,,,,
predictions,"""چقدر غم انگیزه اونجایی که دوتا مرد برای تخریب همدیگه از لفظ زن"""" استفاده میکنن...فیلمی رو دیدم که دو نفر سر یه بازی فوتبال رو برد و باخت شرط بستن و هرکی شرطو میباخت باید آرایش میکرد #زن #تبعیض_جنسی #تلخ #مرد_نامرد""""""",neg,neg,neg,,,,,,
predictions,یه لوزر بزرگ و بدبخت بدبخت بدبخت #بدبخت,neg,neg,neg,,,,,,
predictions,نه واقعا. تو ایران کلا همه‌چیز دگرگونه شده، بوی تعفن همه‌جا رو گرفته... منشن به جهت عرض ارادت بود، قصد نداشتم خاطرتون مکدر بشه.,neg,neg,neg,,,,,,
predictions,کو گوش شنوا #اصلاح #کثیف #آینه,neg,neg,neg,,,,,,
predictions,تصاویر | ادامه انفجارها در آتشفشان هاوایی و پیش‌روی مواد مذاب https:// bolorak.ir / تصاویر-ادامه-انفجارها-در-آتشفشان-هاوا/,med,neg,neg,,,,,,
predictions,يه عده تغيير نظام يه عده عاشق نظام من كجام اينجا زور نزنيد ناراحت نشيد شادم نشيد فقط مطالعه سر عقلتون مياره,neg,neg,pos,,,,,,
predictions,#روحانی_ببخش_که عصر جمعه ترین دوشنبه رو میگذرونیم #دلتنگم,neg,neg,neg,,,,,,
predictions,علی علیپور یه جور با استوک رفت تو صورت بازیکن پدیده که حداقل 3 جلسه محرومیت داشت ولی داور کارت زرد داد بهش.چند دقیقه بعد هم اولین گلشو از نقطه پنالتی به ثمر رسوند.قضیه تکراری چند فصل اخیر فوتبال ایران.دیگه عادی شده! #پرسپولیس #لجن,neg,neg,neg,,,,,,
predictions,والا همین بچه های صنعتی دقیقا یکسال پیش برای حرفای ابکی زیباکلام و رامین کلی کف و سوت زدن ....حالا دیگه این یذره تحلیل ابکی من که چیزی نیس :))))),pos,neg,neg,,,,,,
predictions,خیلی وقت بود یادم رفته بود...این هشتگ یادم انداخت که چقد دارایی دارم... #لحظات_خوب #خدایا_شکرت,pos,neg,neg,,,,,,
predictions,سخت مادرم رو با صورت زرد و رنگ پريده و موهای ریخته ببینم ولی بهش لبخند بزنم بگم خیلی سرحالى ... ولی میتونم بفهمم هیچ چیز در زندگی جدی نيست..!,neg,neg,neg,,,,,,
predictions,وحشت رژیم آخوندی از مجاهدین : سایت حکومتی باشگاه خبرنگاران جوان: «مجاهدین» همواره به دنبال ضربه زدن به جمهوری اسلامی بوده است! دولتمردان آمریکایی همواره «مجاهدین» را به عنوان ظرفیتی قابل توجه قلمداد می‌کنند!,med,neg,neg,,,,,,
predictions,دوستام استانبولن الان 2هفتس تا هفته دیگه هم میمونن. همش ویدئو کال میدن فحش میدن که پاشو بیا،از 24 ساعت راحت 8 ساعت با من در حال ویدئو کالن و دل منو میسوزونن,neg,neg,neg,,,,,,
predictions,برم بخوابم که صبح واسه تظاهرات سرحال باشم [ قمه رو زیر بالشتش میذارد ],pos,neg,neg,,,,,,
predictions,من تا اینجاش متوجه شدم تو ۴۰ساله ج.ا افتخار داشتیم تو این ۴ساله دادیم رفته درجهت آگاه سازی احاد ملت اگه میشه افتخاراتو بگین لااقل بدونیم چیه یکی گفت بتونیم بگیم والا به قرعان,neg,neg,pos,,,,,,
predictions,خخخ بابا شما عرزشیا دیگه آخرشید! رو رو برم زدن کوتلتتون کردن الان بازم گوه میخورید! هنوز دارید سعی میکنید جنازههاتون رو از کف پایگاههاتون با کاردک جمع کنید موفق نشدید گویا! باز گوز گوز میکنید!! به خود ارضاییتون ادامه بدید!! #انتقام_بگیرید #اقتدار_پلاستیکی,neg,neg,neg,,,,,,
predictions,نه. اینجا خیلی‌ها حتی باخودشون فکر میکنن طرف الکی حلقه پوشیده که براش خواستگار نیاد!,neg,neg,neg,,,,,,
predictions,واقعا نمیدونم این فالو و انفالو چقدر اهمیت داره ک دوستان اینقدر بزرگش میکنن!! هرکی میتونه یکی رو فالو کنه یا انفالو..به هر دلیلی..ناراحتی و توهین چرا؟!,neg,neg,neg,,,,,,
predictions,خب خدا که فقط خدای آدمهای خوب نیست خدا، خدای آدمهای خلافکار هم هست. و فقط خود خداست که بین بندگانش هیچ فرقی نمیگذارد... #دیالوگ #مارمولک #فیلم #ماندگار,pos,neg,pos,,,,,,
predictions,اولا شماها و همفکراتون بااین سیاست های غلط لیبرالی مردم روتوتنگنا قرار دادید ثانیاشما ها چه میدونید مقاومت چیه شما ها چه میدونید نهضت جهانی اسلام چیه؟ ثالثا پاتو ازگلیمت درازتر نکن #داعش_وطنی #وطن_فروش #بی_غیرت,neg,neg,neg,,,,,,
predictions,در جغرافيا يى كه هرروز به ارزش انسانها، به عقيده ى آنها تجاوز مى شود، به فرزندانش هم رحم نمى كنند. اين نه تنها يك مشكل حكومتى است اما در عين حال يك معضل اجتماعى هم است . #تجاوز_به_دانش_آموزان #تجاوز,neg,neg,neg,,,,,,
predictions,توصیه میکنم به جای انتظار مجاز آهنگ شیدا از عارف گوش کنید حتما! “چقدر سفیدیا قشنگن یادشون میکنیم اگه بشینی بام از اول زندشون کنیم چه پیر شدی چند تا بچه دارم لباشون کشیدست وقتی رد میشن از کنارم خوشحالن تو چی ؟ من که شادم هنوزم به فکر اون کهکشانم که بزرگ ترین ستارش تو بودی...”,pos,neg,pos,,,,,,
predictions,پیروزی بزرگ برای جنبش #metoo : واشنگتن اولین شهر جهان که بودجه‌ای برای یک راه حل جامع و غیر کیفری برای آزارهای خیابانی اختصاص می‌دهد. ما به جای گشتن به دنبال مقصر بر روی آموزش سرمایه‌گذاری می‌کنیم که این امر واشنگتن را جایی امن‌تر برای همه خواهد کرد. https:// twitter.com/thejessicarave n/status/1001542555618758656 …,med,neg,neg,,,,,,
predictions,میدانی و کاری نمیکنی قلبمان را بیشتر به درد می اورد دولت و ملت گوشت و استخون هستن داره از هم جدا میشه ایران شادم ارزوست #Taheri_movement,neg,neg,pos,,,,,,
predictions,روزهای خوب به تو شادی میدهند روزهای بد به تو تجربه! وبدترین روزها به تو درس میدهند پس هرگز... هیچ روز از زندگیت را سرزنش نکن,pos,neg,pos,,,,,,
predictions,نگات وقتی که خوشحالی وقتی توی این حالی اینجور که سرحالی میخندونه تا چشمام تورو میبینه و مهرت تو این سینه و میشینه و دیگه حرفی نمیمونه,pos,neg,pos,,,,,,
predictions,با شما نبودم، با اون دوست عزیزی بودم که آیدی تلگرتمش رو گذاشته بودن. سپاس از لینکی که به اشتراک گذاشتین,pos,neg,pos,,,,,,
predictions,شادم که به هر حال به یاد توام اما خون می خورم از دست تو و باز غمی نیست #فاضل_نظری,pos,neg,pos,,,,,,
predictions,با سپاس از @LonelyStig برای این طرح بسیار زیبا #IranStrikes https:// mobile.twitter.com/lonelystig/sta tus/1001945561996713984?s=12 …,pos,neg,pos,,,,,,
predictions,میخوام بزنم تو کار تولید فرغون، چندوقت دیگه که ملت میخوان با فرقون پول ببرن نون بخرن پول خوبی به جیب میزنم.,neg,neg,neg,,,,,,
predictions,دقیقا باهات موافقم ، اگر تجاوز بوده واقعا سکوت در برابرش مجرمانست,neg,neg,neg,,,,,,
predictions,تو هم #گه_نخور #گه,neg,neg,neg,,,,,,
predictions,#عشق❤,pos,neg,pos,,,,,,
predictions,من ندیدم هیچ وقت. البته تربیت دانشگاهی آدم رو تو شبکه‌های اجتماعی کج خلق می‌کنه. (چیزی که در خودم دیدم) اما نه تا این حد که تحقیر.,neg,neg,neg,,,,,,
predictions,چطورین #ارزشی ها قدم به قدم سنگرهاتون داره فرو میریزه،البته ما قصد حمله و پیشروی نداریم فقط کار خودمون رو میکنیم، #تلگرام برای مردم موند @azarijahromi شما که طرفدار از کار انداختن #فیلترشکن ها بودی هم حواسمان بهت هست https:// twitter.com/Roozarooznews/ status/997732727171502080 …,neg,neg,neg,,,,,,
predictions,نمیدونم مطلع هستید یا نه، ولی خیلی کارخانه های کاشی و مصالح ساختمانی محصولاتشون رو در کارخانه دپو کردند به امید فروش به عراق و سوریه برای بازسازی بعد از داعش. از دست دادن این دو بازار ورشکستگی به بار میاره برای این افراد که آخرین امیدشون به همین بوده,neg,neg,neg,,,,,,
predictions,همه#ZarifIsALiar دیوانه ها عاقل شدن همه دشمن ها دست دوستی دادن اما مسئولین ج ا روزی نیست کشوری رو به لیست دشمنان ما اضافه نکنند رهبران دو کره در دهکده دوستی درختی رابرای نماددوستی دو کشورکاشتند دست دوستی دادند تا شیش ماه پیش نزدیک به جنگ بودند کشورهای دوست ج ا همه درگیر جنگ هستند pic.twitter.com/R05sHnGWkq,neg,neg,neg,,,,,,
predictions,"""کدام خبر گزاری رو دنبال میکنی شما؟ مرکل که خودش به ترکیه تانک میفروشه از جنایت های اردوغان شاکی شده و صداش در اومده",neg,neg,neg,,,,,,
predictions,-نوشته به #زلزله زدگان مناطق #سنی_نشین کمک نمیکنند عوضش برید به فلسطین کمک کنید! +خب #مزدور با نشر اکاذیب میخوای دعوای #شیعه_و_سنی بندازی چرا اسم کشوری رو میاری که سنی مذهب هست؟,neg,neg,neg,,,,,,
predictions,ریاست محترم جمهور @Rouhani_ir لطفا در این فرصت ویژه گفتگو با مردم صادق، شفاف و‌ با صراحت سخن بگویید و البته غیر تکراری؛ #مردم اینروزها #امیدواری لازم دارند. #مردم_باید_بدانند #روحاني,pos,neg,pos,,,,,,
predictions,مراقب باش اين حس انزجار به فرصت طلبا چراغ سبز نده,neg,neg,neg,,,,,,
predictions,همین #دختران_انقلاب فیتیله جنبشی هستن که شما رو لنگ در هوا خواهد کرد بدون شک. همه میدونن هشتگ #دختران_پنجاه_هزار_تومانی از ترس خشتکِ مبارکتونه و زمانی که دونه دونه از تو لونه موش دراوردنتون اون موقع هشتک #انقلاب_پنجاه_هزار_تومانی زده میشه و همه میفهمن که هیچ پُخی نبودین,neg,neg,neg,,,,,,
predictions,ناراحت نیستم عزیزم، مثل اون آهویی که از دست یوزپلنگ فرار کرده شادم :)))),pos,neg,pos,,,,,,
predictions,هر وقت میخوام خودکشی کنم به ناراحتی مادرم و آواره شدن گربه ام فکر می کنم و با اوقات تلخی منصرف میشم. #افسردگی,neg,neg,neg,,,,,,
predictions,در راستای دستیابی به بلندپروازی های آتی عربستان، طرح هایی با عنوان «چشم انداز 2030» مطرح شده که شامل تمرکز بیشتر بر فناوری است. توسعه شبکه ای از مراکز داده به عنوان چهارچوب اولیه برای دست یابی به این اهداف به حساب می آید. #Iran #تکنولوژی #عربستان_سعودى #دشمن_خانگی,med,neg,neg,,,,,,
predictions,جااانم اقاروووو,pos,neg,pos,,,,,,
predictions,بزن باران که شایدگریه ام پنهان بماند.. بزن باران که من هم ابریم بزن باران پرازبی صبریم...بزن باران...به دادمن برس... #دلتنگی,neg,neg,neg,,,,,,
predictions,چرا باید ترکها از کشوری که قرنها یک سلسله ترک توش حکمران بود بخوان جدا بشن،به عنوان یک ترک هیچ ذهنیت بدی نسبت به پهلوی ها ندارم البته طرفدار پادشاهی هم نیستم فقط خواستم بگم این مسئله جدایی خواهی ترکها یک داستان اغراق شده است. اکثریت ترکهای اینجا ایران رو کشور خودشون میدونن,med,neg,neg,,,,,,
predictions,به مناسبت سال سگ. دوتا سگ در زندگی من اهمیت داشتن . اولی شیلا بود که دوست دوران کودکی بود و جنگ ما رو از هم جدا کرد. دومی میلو سگ تن تن بود که از همان دوران پایه گذار تخیل بی حساب و کتاب و بی پایان زندگی من شد. یادشان گرامی . pic.twitter.com/8xKUyxNH4T,pos,neg,neg,,,,,,
predictions,ناگشته من از بند تو آزاد بجستی ناکرده مرا وصل تو خشنود برفتی آهنگ به جان من دل سوخته کردی چون در دل من عشق بیفزود برفتی #دلتنگی,neg,neg,neg,,,,,,
predictions,#اسپانیا‌_مُرد_تا_بُرد از بازي انشب يه درس گرفتم! ممكنه ببازي اما تو قلبت برنده اي! پس با تمام وجودت بجنگ تا خودت بدوني برنده اي! #نسل_ما #ما_ميتوانيم راستي شك ندارم پرتغال رو ميبريم و از اين گروه بالا ميريم!,pos,neg,neg,,,,,,
predictions,وقتی کسی باشه که بهش وثوق کامل دارم بله,med,neg,pos,,,,,,
predictions,ننگشون باد،احتمالا اونجا داره جهاد نکاح میکنه،این جمله ی کثیفش،از دهان یه ایران بانو درنمیاد،اینم تخم عربه،مشغول جهادت باش #کثافت_کلمه #حرومزاده,neg,neg,neg,,,,,,
predictions,خروج #ترامپ از #برجام تاثیر چندانی بر اقتصاد ایران نداره چون دلار از این گرونتر نمیشه.درعوض دست #ایران باز میشه که برنامه هسته ای رو با سرعت ادامه بده.دنیا هم میدونه که ایران حسن نیت نشان داد و #آمریکا خلف وعده کرد.,pos,neg,neg,,,,,,
predictions,ولی این موقع شب معمولا خیلی سخت و طاقت فرسا میگذره. خیلی فکرمیکنم چون,neg,neg,neg,,,,,,
predictions,هوای آسمان دلهامان گرفته، ولی بی بارش است، هوای آسمان کشورمان آفتابی و کیریست!!! #هوای_گرم #هوای_کیری #حال_بد,neg,neg,neg,,,,,,
predictions,شریفی نیا تو رسوایی 2 دقیقا نقش خودشو بازی میکنه نمکی بهش گفته نمیخاد کاری کنی فقط خودت باش #لاشی,neg,neg,neg,,,,,,
predictions,جای این مزخرفات یکم به فکر مردم باشید و بترسید. واقعا با فیلترینگ تلگرام چه راهی رو پیش بردید!؟ #بی_عرضه #ترسو #دیکتاتور_شمایید,neg,neg,neg,,,,,,
predictions,تو خارج کنار دوستان 5+1 حال میکنید هااا هی بدین بره ، همه رو بدین بره #بیشعوری #بی_شرفا #استیضاح #ایران #براندازم #اصلاح_طلب #حسن_روحانی #احمق_ها #بی_غیرت #عراقچی #ظریف #اصلاح_طلبان #لیبرال #رفیقم_کجایی #رفراندوم_ازاد #برجام #با_شماییم #با_فریدون #جاسوس #,neg,neg,neg,,,,,,
predictions,جالبتر اینه که ینی یک کدوم از بازیگرای قلاده با اعتقاد بازی نکردن،همشون گفتن بعد از مدتها بیکاری بهمون پیشنهاد کاری شد پذیرفتیم ،خب اخه دیگه ازین ضایعتر؟,neg,neg,neg,,,,,,
predictions,تا ی هفته سرحالی,pos,neg,pos,,,,,,
predictions,اينكه اينقد نگاه سكسيستى و جنسيتى دارين واقعا ناراحت كنندست. #سكسيسم #جنسيت #تاسف,neg,neg,neg,,,,,,
predictions,خانم #مریم_رجوی ، رئیس‌جمهور برگزیده مقاومت #ایران ، روز سه‌شنبه با ستودن #اعتصاب بازاریان و کسبه شهرهای مرزی عموم #جوانان را به شرکت و حمایت از این اعتراضات فراخواند و خواستار آزادی سریع بازداشت‌شدگان شد. دبیرخانه شورای ملی مقاومت ایران ۳۰فروردین ۱۳۹۷(۱۹آوریل ۲۰۱۸) #براندازم pic.twitter.com/pA6PoeK2XC,med,neg,pos,,,,,,
predictions,معتمد آریا امتحانشو پس داده اگه نمیرفت وضعش بدتر میشد دومن بقیشون هم منافعشونو رو مهمتر از مردم میدونن نوبت ما هم میرسه چطوره اگه تو جایی خواستن صحبت کنن این اعتراضو نشون بدیم #اعتصاب_سراسری #نوبت_ایران_فرارسیده #علی_نصیریان,neg,neg,neg,,,,,,
predictions,مگرهرکی تاریخ کشور وجهانرا یادآورهمگان شد،و گوشزدکرد،تالغزشهای سخت گذشته بازآفریده نشوند، پشت گرمی اش به انگلیس،روس،چین،آمریکاوفرانسه است!؟,neg,neg,neg,,,,,,
predictions,من نه #برانداز ام نه #ارزشی .من #اصلاحطلب و حامی #اصلاحات ام. #ایران وطن من است وبرای سربلندی کشورم از هیچ تلاشی دریغ نمیکنم.اگر انتقاد میکنم دلسوزم،اگر اعتراض میکنم نگرانم،اگر مطالبه میکنم ایرانی‌ام! من هواخواهِ منشِ #خاتمی و دلبسته‌ی مسلکِ #میرحسین و حامیِ رییس‌جمهور #روحانی ام.,pos,neg,neg,,,,,,
predictions,"حالا چرا قرقره میکنی؟! از یک منظر علی رغم آکبندبودن مغزت, شما راست میگی! واقعا هرجا اسلام واقعی باشه کشتار بیشتره و مسلمانان واقعی رو قتل عام میکنن! نمونه بارز اسلام واقعی 14 معصوم هستند که سرنوشت 13تای اونا با بدترین شهادت گره خورد! اسلام واقعی همیشه مظل",neg,neg,neg,,,,,,
predictions,نمیشود هم دنبال توسعه بود و هم جامعه را کنترل کرد. اگر برای کارهای بانکی تکنولوژی را وارد مملکت کردید این تکنولوژی خود به خود چیزهای ناخواسته ای را هم وارد مملکت میکند. ارتباطات یعنی آگاهی نسبی جمعی. آگاهی ای عمیقی نیست ولی کفایت میکند تا مردم بفهمند حکومت ایدئولوژیک ناکارآمد است,med,neg,neg,,,,,,
predictions,سلام روحیه خوبی دارید.برایتان سعادت و سرافرازی و سربلندی آرزو دارم,pos,neg,pos,,,,,,
predictions,هر روز دارید غیر قابل تحمل تر میشید,neg,neg,neg,,,,,,
predictions,دختر عمو: با ادب مهربون ناز و قشنگ هستش دختر خاله : #جنده است,neg,neg,pos,,,,,,
predictions,عزیز دل مایی شما,pos,neg,pos,,,,,,
predictions,من تو این دخمه شادم چون تو منو هل دادی توش,pos,neg,pos,,,,,,
predictions,لازم نیست اینقدر به خودت لعن بفرستی بزرگوار #دروغگو #پوچ_اندیش,neg,neg,neg,,,,,,
predictions,چه حس خوبیه این عکسهای رومانتیک اینستا رو میبینی بعد خاطره‌های مشابه داری: عه! ما این کار رو کردیم، عه! اونجا بودیم، عه! عین خودمون #خوشبختی,pos,neg,pos,,,,,,
predictions,دارید فتوای مراجع را نقد می‌کنید؟ موضوع من این نیست. من می‌گویم چرا روحانی در مورد این موضوع سکوت کرده و در پشت پرده دنبال نظر مراجع است. چرا رو بازی نمی‌کند و می‌خواهد بحث را به چند ناسزا تقلیل بدهد. همان ناسزا هم راه حل دارد، ولی روحانی می‌خواهد فقط حرف بزند و کف و هورا بگیرد.,neg,neg,neg,,,,,,
predictions,حالا کف و دست زده یا هورا . ولی جدی این با خودش چند چنده,neg,neg,neg,,,,,,
predictions,خوب بازي كرديد،ولي در جريان باش قويترين #ليورپول يه دهه قبلتون مقابل يكي از ضعيف ترين #رئال هاي قبل بازي ميكرد،اتفاقات فوتبال غير قابل پيشبيني هست،راموس بد زد بحث عمد و غير عمد نيست،حركتش ناجوانمردانه بود،اين قهرماني منو خوشحال نكرد،فقط از كون سوزي بارسايي ها و سيتي فنا شادم https:// twitter.com/samlfcc/status /1000480964873736192 …,pos,neg,pos,,,,,,
predictions,عالی فرناز همه چی خوبه بی تابیاتو میخونم خستگیهاتو خودت خوبی سرحالی,pos,neg,pos,,,,,,
predictions,روحش شاد مردم قدردان خوبان خود خواهد بود وفردا از هنرمند مردمي خود بخوبي قدرداني ميكند بع اميد ديدار عزيزان كه بدرقه باشكوهي از هنرمند فقيد خود بكنيم,pos,neg,pos,,,,,,
predictions,جرات داري در مورد فساد حرف بزن. #چاقال,neg,neg,neg,,,,,,
predictions,حرف شما بالنفسه کاملا متین، و البته شخصا افتخار میکنم شما در این فضا حضور دارید و تااین حد نسبت به نظرات متفاوت بااحترام برخورد می‌کنید، منتها بحثم اینه که شانیت شما اجل صرفا انعکاس مقالات است. ‌شما خودتان منبع خبرید، توییت‌های شخصی شما اگر بادقت زده شوند خبرساز می‌تواند باشد...,pos,neg,neg,,,,,,
predictions,هیچ‌وقت انقدر از گرما وحشت ‌ زده و فراری نبودم که امسال.مال سن و ساله یا صبر و تحمل یا چی؟,neg,neg,neg,,,,,,
predictions,با اصحبتهای مستند شما متنبه شدم معین جان. ان شا الله روزی فرا برسد که همه قدردان روحانیت باشیم. آری‌ به امید آن روز,pos,neg,pos,,,,,,
predictions,#علیرضا_کریمی ، که تو بازی‌های جهانی امیدها قهرمان نشد اما نشون داد پهلوانه، امشب قهرمان آسیا شد :) قهرمانی‌ت مبارک,pos,neg,pos,,,,,,
predictions,چقد بده که به ثانیه نکشیده توییتات از ذهنت پر میکشن و محو میشن #عصبانی,neg,neg,neg,,,,,,
predictions,در هر صورت علاقه اي به ديدنش نداشتم اونجا، ولي خوب هايدگر هم طرفدار نازي بود، اما چيزي از بزرگيش رو كم نكرد. اين خاصيت انسانه، پر از اشتباه و در عين حال بزرگ,pos,neg,pos,,,,,,
predictions,بله دقیقاً همین‌طوره که می‌فرمایید؛ و در حسن نیت و مسئولیت‌پذیری ایشون شکی نیست؛ ولی نظر شخصی من اینه که سنجیده عمل نشده. متأسفانه وقتی بستر مورد مطالعه قرار گرفته از سوی چندین روان‌شناس و... و تدوین شده وجود نداره، گاهی اقدامات سلیقه‌ای و شخصی این‌چنینی می‌تونه به مراتب تبعات,neg,neg,neg,,,,,,
predictions,داش علي منصور! متشكريم كه يه ركورد جانانه تو آسيا برامون ثبت كردي اخه لامصب شش تا رو چجوري خوردين #استقلال_العین #منصوريان #افتضاح,neg,neg,neg,,,,,,
predictions,وحید شریعت فاجعه تاریخی رو یادته؟ داره به جاهای خوبش میرسه! https:// freudianassociation.org/?p=36844 #Internet_For_Mitra_Now #اینترنت_برای_میترا,pos,neg,pos,,,,,,
predictions,بعید میدونم شما حافظ قرآن باشید!! که از درک مبانی اولیه بی بهره اید. #احمق #عالم_بی_عمل #نشخوار,neg,neg,neg,,,,,,
predictions,وقتی باور داشته باشی قرآن کلام خداست؛ یعنی خداوند و یگانگی اون،معاد و روز حساب، پیامبر و رسالتش وخیلی چیزهای دیگر رو پذیرفتی یعنی پذیرفتن هر کدام نشان از پذیرفتن خدای یگانه داره. حالا چرا باید برای امر کرده ها و نهی فرموده های همچین خدایی( بلند مرتبه! و بی نیاز) دلیل نیاز باشه؟!,med,neg,neg,,,,,,
predictions,یه ضلع سوم هم داره‌، مظلوم نمایی و من چقدر بدبختم: عزیزم تو چه قدر خفنی، من چه قدر بدبختم (خودش را به وی می‌مالاند),neg,neg,neg,,,,,,
predictions,دوش ، کتاب ، چای ، فیلم ...هنوزم میشه خوشبخت بود. #دلخوشی,pos,neg,pos,,,,,,
predictions,رییسی از امام رضا تو دهنی خورد تا یاد بگیرد با دین مردم بازی نکند #ریاکار #دغلباز,neg,neg,neg,,,,,,
predictions,قدردان تلاش امثال شما هستم و سعی می‌کنم از همین مدل پیروی کنم. منم همین‌جام و نمی‌رم. معتقدم از یه جا به بعد دیگه خودمون اهمیت نداریم و باید به بعدی‌ها فکر کرد. اگر هر یک میلیون نفر بتونن سالی یک دونه قانون خوب تصویب کنن یا یه قانون بد رو حذف، سالی ۸۰ قانون جلوییم. هرچیزی ممکنه.,pos,neg,neg,,,,,,
predictions,قطعا کسانی که آیات ما را تکذیب کردند و از پذیرفتن آنها تکبر ورزیدند، درهای آسمان بر آنان گشوده نخواهد شد و در بهشت هم وارد نمی شوند مگر آنکه شتر در سوراخ سوزن در آید...! سوره اعراف آیه 54 خدا داره مثل میزنه... نظرت؟ #تام_و_جری,neg,neg,neg,,,,,,
predictions,وقتی داعش پشت دروازه اربیل و سلیمانیه بود کجا بودی قهرمان ! وقتی کوبانی محاصره بود کجا بودی قهرمان ! توی سوراخهای توئیتری مخفی بودی و به نفع جاهلیت عرب آل سعود توئیت می زدی می دونی سردار سلیمان تنها با 70 نفر جلوی داعش رو گرفت! می دونی ناموس کرد ! ناموس ایرانیه ! #جمهوري_اسلامي pic.twitter.com/4KKD06FlYl,neg,neg,neg,,,,,,
predictions,فرقی نداره من قبول دارم,pos,neg,neg,,,,,,
predictions,میگن : #مخملباف و #خاتمی #ملک_مطیعی رو ممنوع التصویر کردن ! میگم: ملک مطیعی مروج فساد و فحشا و همپالگی اشرف پهلوی بود و کار اونا خیلی هم درست بوده! نکته بدش اینه که اونا رو عقیده درستشون نموندن !,neg,neg,neg,,,,,,
predictions,من پیروزی انقلاب و بهت تبریک میگم,pos,neg,pos,,,,,,
predictions,دمت گرم . البته از اون موقع به بعد هی به ملت می‌گفتی برن سر جاشون بخوابن :))),pos,neg,pos,,,,,,
predictions,اقا چقدر #افطار خوبِ #دست_خوش,pos,neg,pos,,,,,,
