text,pred_id,pred_label,p_label0,p_label1,p_label2,true_id,true_label
من عاشق چشم تو و خواب نگاه تو شدم... #دلتنگی,0,neg,0.9047695,0.016788814,0.07844175,0,neg
واقعا جاي من خالي خوب گوش مالي اش ميداديد!!! فكر كردن هنوز تو قرون وسطي زندگي ميكنيم. اينا ديگه كين؟؟؟ مظلوم گير آوردند . نترسين و مطمئن باشيد كه همين زنان سركوب شده هستند كه بزودي اين رژيم را سرنگون خواهند كرد !!!! اين خط و اين نشون https:// twitter.com/FarbodArian/st atus/1002175365173915649 …,0,neg,0.82688093,0.036773708,0.13634536,0,neg
داشت يادم ميرف توييت كنم پاساژ ايرانيان #دزد ن #دزد,0,neg,0.8667726,0.024104068,0.10912326,0,neg
اتفاقاً سیاستهای جهانی رو تیتر #کیهان تاثیر میذاره! #توهم,0,neg,0.970707,0.006411797,0.022881294,0,neg
ما لياقت دموكراسي رو نداريم.هنوز هم بيفرهنگيم.تضميني نيست كه اگه حكومت مركزي نباشه وسط خيابون شلوار همو نكشيم پايين،هنوز لياقتشو نداريم #ننگ,0,neg,0.9629848,0.007595779,0.029419372,0,neg
کسی که دایرکت جوتب نمیده ولی فیو میزنه اگه گفتید چیه افرین همونه,0,neg,0.8394653,0.029968496,0.13056618,0,neg
خب تمام مشکلات مملکت حل شد و از امروز شاهد کاهش دلار هستیم! یه مشت #کسخل,0,neg,0.97386444,0.006280807,0.019854758,0,neg
آقااا! اینجایی که اقامت گزیدیم علاوه بر اینکه چسبیده به دریا و ساحل اختصاصی داره، زمین والیبال و بسکتبال و دوچرخه سواری و موتورسواری، دستگاه ورزشی و پارک و میز پینگ پنگ و بیلیارد و استخر و چند تا رستوران و کافی شاپ داره! همش داخل مجموعه من دیگه برنمیگردم تهران! #ذوق_مرگ,0,neg,0.48974642,0.11826823,0.3919854,2,pos
سرخوش و شادم اکثر اوقات :)),2,pos,0.042089563,0.06074529,0.8971651,2,pos
بله بله، ما مزدوریم، شاه هم خائن بود. آخوندهایی هم که از 40 سال پیش به قبل ایران رو قبول ندارن و از حمله اعراب با افتخار صحبت میکنن هم دوستدار ایران و این خاک هستن. شما عده ای فریب خورده بی گناه هستید. به موقعش به اشتباهات امروزتون پی میبرید.,0,neg,0.9513043,0.009497247,0.039198432,0,neg
من ده سال پیش دلمه خوردم انقد بدمزه بود که فقط برای آبروداری تا آخر خوردمش ولی دیگه تا به الان هیچوقت نخوردم، اصلا با روحیه ی من سازگار نیس,0,neg,0.9422608,0.010951775,0.04678732,0,neg
کروبی خودش یه زمانی ظالم بوده و هنوز طرفدار بقای ج.ا,0,neg,0.9735135,0.006615713,0.019870728,0,neg
چه خوب که توهم مثه من از دی مود استفاده میکنی میلاد نایت مود نمیشه,2,pos,0.047377434,0.06125834,0.8913642,1,med
بسه دیگه بابا.اومدیم با شاخ گاو درافتادیم خودمون رو بیچاره کردیم.عباس با رجوی ملاقات میکنه، مشعل وگردانهای عزالدین قسام ایرانیهارو تو سوریه میکشن اونم بعد از 40 سال کمک. دنیای عرب هم به خاطراین کمکهابجای اینکه قدردان باشه، شده دشمن. مردم هم اینارو میبینن.آخه این چه سیاست مزخرفیه؟,0,neg,0.9690861,0.0067069293,0.024206944,0,neg
"یه ضرب المثلی هست می گه : یک شب بخور نون و تره ,صد شب بخور دول خره البته آپدیتش کردم ! #ایران #زندگی #خاک_بر_سر #غلط_است_دیگر",0,neg,0.9740552,0.0062882886,0.019656489,0,neg
تا چشم کار میکنه خایه دار و خایه مال و خایه خور و عده ای خایه فنگ و خایه کرده از شرایط پیش آمده. البته لازم ب ذکره عده ای بی خایه هم داریم ک خایه های دختر شال ب چوب زده هم وزن کل خاندانشونه. (یامین پور اینا) #تظاهرات_سراسرى #سطل_آشغال #فیلتر #خایه_مال,0,neg,0.9745083,0.006430874,0.019060858,0,neg
هواخواه تو ام جانا و میدانم که تخمت نیست,0,neg,0.5842714,0.09340914,0.32231945,2,pos
واقعا خسته نباشی آقای #روحانی چقدر قوی و دلگرم کننده صحبت کردی. یعنی واقعا ریست کردی #برجام,0,neg,0.72850066,0.05615387,0.21534549,2,pos
فرزندتون کجاست همین دور و بر با رانت دولتی که به اسم یکی دیگِ است راحت دارِ اوقات خوشی در سواحل جزایر قناری میگذرونِ #آقا_زاده,0,neg,0.73122686,0.055689503,0.21308365,0,neg
اونو دیگه باید از #تفکر_اصلاحطلبی پرسید که بیشتراز #۲۸سال از عمر ۳۹سالۀ انقلاب رو رئیس دولت بودن... #پررو,0,neg,0.9726226,0.006313771,0.021063605,0,neg
میخوام تا کمر از پنجره برم بیرون شروع کنم داد زدن . مردم که جمع شدن پنجره رو ببندم,0,neg,0.95087147,0.009441472,0.03968701,0,neg
دلم تنگ است و هی پهلو به پهلو می شوم امشب، تو اما شک ندارم خواب دیدی شاه هفتم را ... #عاشقانه #دلتنگی,0,neg,0.9560942,0.008641274,0.03526454,0,neg
نه همزبان درد آگاهي... كه ناله اي خرد با آهي واي از اين بي درديها خدايا ﴿با نوای استاد شجریان خوانده شود﴾,2,pos,0.42722902,0.1312132,0.4415578,0,neg
فکر نکنید که خداوند شمارو فراموش کرده، شاید درهای زندان به روی شما بسته باشد، اما درهای رحمت خداوند همیشه به روی شما بازه #مارمولک,2,pos,0.2282178,0.13942818,0.632354,2,pos
دکتر محمدعلی کامروا *,2,pos,0.04025175,0.058435943,0.9013123,1,med
میدونی خیلی چیز واسه دعوا کردن داریم ما انتخاب های زیادی داری,0,neg,0.7563041,0.048008207,0.19568768,0,neg
نایت مود بهتر خوب,2,pos,0.04123733,0.059078142,0.8996845,2,pos
آقای #جهانگیری طوری مطمئن حرف میزنه انگار مردم رفتن بلاروس زمین خریدن و پول #بیت_المال رو به باد دادن والا #بی_شعور,0,neg,0.97358096,0.0069030575,0.019516017,0,neg
@mamaly64 چون ادبیات شما همش گایدن و کردن و کیر و اونهاست به احتمال زیاد در نوزادی تو نایلون فریزر رها شدی که اینهمه داغ به دلی، #بیشعور,0,neg,0.9052743,0.021362262,0.07336346,0,neg
نواز شریف زندہ باد,2,pos,0.03982637,0.05729706,0.90287656,2,pos
امشب bbcفارسی هرکاری کرد که بتونه عملیات امروز رو به تجزیه طلبی و اختلاف افکنی ربط بده،نتونست #استعمار_پیر #دروغ_پراکنی #جیره_خوار #اهواز,0,neg,0.91997236,0.016269587,0.06375805,0,neg
دارم حساب می‌کنم ببینم هنوز کسی هست که دوستش داشته باشم‌..... #نفرت,0,neg,0.51429373,0.1105544,0.37515187,0,neg
زنده باد بنیامین نتانیاهو زنده باد اسرائیل با شکوه,2,pos,0.061250776,0.073513284,0.865236,2,pos
یه پسر فوت فتیش گیرت بیاد حسابی همو خوشبخت میکنید,2,pos,0.19137867,0.12612642,0.68249494,2,pos
سلام میکنم به زیبایی باران که با قطره های کوچکش برروی ناودونی خونه آهنگی دلنشین و زیبا از طبیعت رو برامون به ارمغان میاره و همه این ها لطفیست که خداوند در حق ما داره.. ⚘ خدای مهربان سپاس,2,pos,0.054192867,0.06855758,0.8772495,2,pos
تو رستوران نشسته بودیم این یارو که آهنگ میخوند یهو شروع کرد بلند چهچه زدن ایرانیا شروع کردن سوت و کف و دست زدن ، توریسته داد میزد هوی هوی به گوشاش اشاره میکرد یعنی کر شدم خفه شو :))))))))))))))))))),0,neg,0.75278187,0.051926415,0.1952917,2,pos
من اصلا نمي خواستم در مورد هفت سالگيم حرف بزنم حرف زدن در موردش بهم حس حقارت مي داد و مي لرزيدم اما روانشناسم اصرار داشت كه بايد دقيق و با جزييات بگي و من بعد از ١٨ سال.... حرف زدم! #MeToo,0,neg,0.9255254,0.013678893,0.060795665,0,neg
منم میدونم قبلا این امارو خونده بودم اصلا موندم اون 900 نفر با چه تصوری فیو زدن واقعا اگه با 3 لیتر میشد یه کیلو گوجه پرورش داد ،میشد تمام ایران رو زیر سطح کشت برد,0,neg,0.83766854,0.030440524,0.13189094,0,neg
روان پریشی و مشکلات روانی که اجتماع و خانواده براشون رقم زده این طوری می کنن تا کمی تسکین پیدا کنن ، به هرحال موفق باشی #قاتل #وحشی,0,neg,0.96931845,0.0066612205,0.024020376,0,neg
یکی از معدود خوشبختیام تو زندگی اینه که مجبورم هر صبح ساعت ۶ از خواب پاشم. تا نعمت تنظیم خواب رو از دست ندین نمیفهمین چقد بزرگ و ضروریه. سحرخیز باش تا کامروا شوی,0,neg,0.5478182,0.10339525,0.34878662,2,pos
در واقع عقیدم اینه که شما تو هر قطعه بهتر از کار قبلیت ظاهر بشی شنونده به کارت ایمان خواهد داشت #تق,0,neg,0.91133016,0.016127076,0.072542876,2,pos
@azdla #تراژدی,2,pos,0.40842232,0.1357828,0.45579484,0,neg
شب خواب میبینم,0,neg,0.6040788,0.08596866,0.3099525,0,neg
من اونقدر برای لحظه ی دیدن غول چراغ برنامه ریزی کردم که اصلن دستپاچه نمی شم و دقیق می دونم قراره ازش چی بخوام. کلن هم یه آرزوی ناقابل دارم :),0,neg,0.8918091,0.019226832,0.088964,2,pos
نگو و نپرس اندر افتضاح,0,neg,0.86695945,0.023745129,0.10929548,0,neg
#26_اردیبهشت_هموطن_بپاخیز #16_may_sacrificial_movement @saiedshemirani برابری اقوام، ایرانی‌ با مرام #من_رای_نمیدهم #هنرمندان #گشت_ارشاد,0,neg,0.6795607,0.0703096,0.25012973,2,pos
موقع خسته شدن به دو چیز فکر کن 1- آنهایی که منتظر شکست تو هستند به تو بخندند 2- انهایی که منتظر پیروزی تو هستند تا با تو بخندند,0,neg,0.651266,0.07509124,0.27364278,2,pos
دست ات درد نکنه ،دیگه به اندازه کافی غر زدم برای دوستان:)))),0,neg,0.70609426,0.061912406,0.23199332,2,pos
مثبت اندیش باش ای قدح اندیشه تولدت مبارک ایشالا فردا برات یکی از بهترین روزا باشه ضایع شی تولدت مبارک با آرزوی بهترینا,2,pos,0.048077956,0.06326913,0.8886529,2,pos
درست مثل بوسیدنت درست مثل راه رفتنت درست مثل بیداری #شادی کوچک است,0,neg,0.5567875,0.099477716,0.34373474,0,neg
به به . من موافقم,2,pos,0.04608984,0.063442156,0.89046806,2,pos
کلاسمو نمیرم بدون داشتن جایگزینی برای بیشتر لذت بردن از اون تایم تنها و تنها در اعتراض به یک چیز به زندگی #کسخل,0,neg,0.67591566,0.07020136,0.25388297,0,neg
وقتی بهم رسید و میخواست کمک کنه بلند بشم ازش میترسیدم و میگفتم به من دست نزن. با اون حال ترسیدم حتی خونه برم و بگم چی شده و خودمو به کلاس زبان رسوندم تا شاید اونجا آروم بشم. و هنوز هم خرده جنایت هایی از آزار و اذیت رو تو جامعه میبینم ولی دیگه نمیتونم سکوت کنم,0,neg,0.97087765,0.0064822617,0.022640113,0,neg
خوشا به شرفش,2,pos,0.040024113,0.05696445,0.90301144,2,pos
دلم هوس آفرود و کمپینگ کرده اما نه وقتشو دارم نه حالشو نه ماشینشو #تلخ,0,neg,0.87739795,0.022110391,0.10049157,0,neg
مردم #وحشی شدن,0,neg,0.96766853,0.007994118,0.024337405,0,neg
کاش آن شادی رو بزودی ببینیم ، مهم نیست #آن_دیگری باشد که ببیند,2,pos,0.35892993,0.13852718,0.5025429,0,neg
بله.کاملن موافقم :),2,pos,0.04074898,0.05858507,0.90066594,2,pos
حالم از این مجریهایی که تو صداوسیما کار میکنن و تو دوربین ذل میزنن و به ما #دروغ میگن بهم میخوره. میارزه معروف بشی ولی بی شرف باشی !!!؟ #مجریهای_صداوسیما #بی_شرف #انسانیت_کو #تنفر,0,neg,0.9739875,0.0067599844,0.019252483,0,neg
@FreeeIran #درود #بر #مریم_رجوی,2,pos,0.2324226,0.14146724,0.6261102,2,pos
خود پاشایی هم وقتی اسم سروش لشکری میومد قیام میکرد حالا تو میای پشت هیچکس چرت میگی، آخه #چاقال,0,neg,0.9733487,0.00616874,0.020482574,0,neg
ببین چیه با وجد اینکه نذاشتن دیده بشه هزار برابر بیشتر از فلان مقام کشور و بهمان امام جمعه بی همه چیز مشهد دوستدار داره,0,neg,0.7951129,0.039718468,0.16516863,0,neg
هیچی متهوع تر از ادا در اوردن نیست. بعد تو با ادای اینکه مثلا خیلی داری حال میکنی با غذا، تبلیغ رستوران میکنی. غذای دور دهنتو پاک کن لندهور. حالمون به هم خورد,0,neg,0.86021554,0.025641523,0.11414288,0,neg
شادی را رها کرده، غم را می‌پرستند! شادی همچو آب لطیف صاف به هر جا می‌رسد در حال، شکوفهٔ عجبی می‌روید. غم همچو سیلاب سیاه به هر جا که رسد شکوفه را پژمرده کند. مقالات شمس تبریزی,2,pos,0.30291933,0.1445415,0.5525391,2,pos
خیلی بد ریدیم به زبون مادری! ما زبونمون عربیه! هیچ واژه غیرعربی‌ای به ذهنم نمیرسه جایگزین کنم.. ریدیم.. خاکبرسرمون! واژه دخیل تهش یکی تو هر جمله..یا تغییر یافته! ما همه‌ی واژه هامون تو یه بَند عربی‌ان! #ننگ,0,neg,0.9675084,0.0069115297,0.02558009,0,neg
حداقل ۸ سال انواع و اقسام توهین و اتهامات اقتصادی ، اخلاقی ،دینی ، جاسوسی و با تیتر رویکردهای اتاق فکر استکبارجهانی در شیوه های نفوذ و ... برای #مشایی و آخر ۶.۵ سال حبس !!!!!؟؟؟ آیا برای تسویه حساب شخصی ۴ سال انرژی ملت و دولت یک مملکت حدر رفت یا مسئله چیز,0,neg,0.97180027,0.0064027864,0.021796947,0,neg
چی بگم. الزاما شاید مثل آستارکی نباشه ولی موضعگیری اینجوری نتیجه مثبت ‌ اندیشی صرف و ندیدن تمام زوایای ماجراست. اگر در کنارش این اتفاقها و بگیر و ببندها نمیافتاد حرفش درست بود گرچه این داستان کثافت حرفها و کارهای امثال علم‌الهدی رو پاک نمیکنه,0,neg,0.9691077,0.0067102904,0.024182033,0,neg
ولی واقعا چرا این همه دفتر پرورشی رو دو خطه میکردیم و توش گل و بلبل و شعر و اینا مینوشتیم یا از روزنامه و مجله اینا میبردیم، میچسبوندیم توش، حقیقتا کار عبثی بود، ایشالا که ورافتاده باشه دیگه,0,neg,0.567544,0.09857676,0.3338793,0,neg
نماینده طبقه کارگر و زنان بی سرپرست هم مشخص شد. #رییسی #پررو #دروغگو,0,neg,0.9733008,0.0067982604,0.01990097,0,neg
یک عرزشی اگه نمیتونه مثل #ساشا_سبحانی زندگی کنه، از پاک بودنش نیست، از بی‌عرضه بودنشه. آب نمیبینه وگرنه شناگر ماهریه. #ارزشی #ژن_خوب #آقا_زاده #دستاورد_انقلاب,0,neg,0.97414297,0.0063147037,0.019542258,0,neg
از شونزده‌سالگیم هرچی انتخابات برگزار شده رای دادم. از دور دوم خاتمی تا حالا. نه هیچ‌وقت تحریم کردم، نه ناامید شدم از صندوق رای. #امیدواری,0,neg,0.92629415,0.01356543,0.06014036,2,pos
ایکاش میشد یک روزی یکی ازاون انگشتری دستان منهم دستم میکردم اقا زیرسایه حق سلامت باشید ..,0,neg,0.72748476,0.056539673,0.21597552,2,pos
@mina22_movahed یکی تو باهوشی یکیم روحانی راستگو . فازت چیه اصلا تو . بحث من این ک یو احمقی ب این اون چرا نسبت میدی . امان از شما کودن ها ببین منافع با ادم چیکار میکن,0,neg,0.9074199,0.02166366,0.07091643,0,neg
پسربچه ای که شبها پشت پنجره ی بالکن می خنده و وقتی کمی نزدیکش میشی؛ محو میشه! #داستان_ترسناک,0,neg,0.96843857,0.006827834,0.024733528,0,neg
به امید روزی که ملت جوگیر بفهمن مراسم تشیع کسی جای کف و سوت زدن نیست,0,neg,0.9670614,0.0069370754,0.026001582,0,neg
#طارمی به جای دروازه اسرائیل رو هدف گرفته #خایمال,0,neg,0.9674472,0.0068936227,0.025659118,0,neg
وزیر: با ما بازی میکنید؟ کودک: بله وزیر: می بازیدا.... کودک: ماکه همه چیمونو باختیم، اینم روش !!! وزیر: (هر هر میخندد) #متاسفم,0,neg,0.96360564,0.0074361963,0.028958207,0,neg
شک نکن خود آشغالش دیر برسه می پرِ واگن مردونه :\ #عوضی,0,neg,0.9678678,0.0069075464,0.025224704,0,neg
درود بر هموطنان #شريف و آزاده‌یی كه هرگونه همراهي با رژیم ولایت فقیه را خط قرمز #پیکار #آزادی اعلام وبه آن #قیام کرده‌اند #افتخار,0,neg,0.91453433,0.01563652,0.06982919,2,pos
تو اولین لولش زدم به اون آجر ثابتا دیدم خیلی راحت پرت شدن ، یکم گذشت دیدم دونه های سفید از صد جهت پرت شدن گیم اُور شدم =))))). الان که فکر میکنم افتخار میکنم بهت,2,pos,0.10388127,0.09953097,0.7965877,2,pos
حالا چقد گرفته؟؟ اون با کولی بازی فقط میخواسته پول بیشتری بگیره. #بی_غیرت,0,neg,0.9734957,0.006672415,0.019831868,0,neg
باز ريدين به مملکت #پاچه_خواری سپاه رو نکن #بیشرف #جاسوس #خائن,0,neg,0.97031105,0.008093435,0.021595465,0,neg
پلیس بالاخره با یک چیز مخالف نیست هورا اعتصاب تمام بروید کافی شاپ فوتبال ببینید,0,neg,0.8709963,0.02615861,0.10284512,2,pos
زیزو مرد دوست داشتنی از رئال رفت پست کریس: فقط افتخار میکنم که بازیکنت بودم،مستر‌.ممنون‌. @Cristiano pic.twitter.com/7TtA9HS9m8,2,pos,0.2533048,0.143531,0.6031642,2,pos
به غیر از داریوش فروهر سعیدی سیرجانی به جرم عقیده . آیت‌الله منتظری که دیگه قائم مقام رهبری بود. نکنه اون هم فعالیت معاندانه داشت که اگر اینطوره کدوم دادگاه این رو بررسی کرد و حکم داد؟ چرا تا آخر عمر حصر بود؟ آیت‌الله شریعتمداری. چرا با اون وضع؟ اصلا سنت قد میده به این اسمها؟,0,neg,0.94407874,0.010930584,0.04499058,0,neg
به امید خدا این یکی دیگه موندنیه,0,neg,0.5930204,0.09102826,0.3159513,2,pos
ننگ: نقش اعتراض #مخملباف و محمد #خاتمی به حضور ناصر_ملک_مطیعی و علی #فردین در فیلم برزخی ها در ممنوع التصویر شدن آنها #خسرو_فروهر,0,neg,0.9570788,0.00849171,0.034429487,0,neg
و خوردن غذاهای سرد *کم انرژی یا بی انرژی* - برای خود من اگه دو مورد با هم اتفاق می افتاد میگرن حتمی بود پس تا می شد سعی میکردم جلوگیری کنم مثل زدن عینک آفتابی،مراعات خواب و بخصوص با خوردن خرما یا عسل بعد از غذاهای سرد - برای ورزش سنگین یک ساعت از قبل آن قرص آ ث آ بخورید .,0,neg,0.6890567,0.06706688,0.24387644,1,med
دلتنگم و با هیچکسم میل سخن نیست کس در همه آفاق به دلتنگی من نیست #وحشی,0,neg,0.9740418,0.006316584,0.019641636,0,neg
دختر کلاس شیشم میگه شمارتو بده میگم چرا؟بچه ای ک.. میگه الان بچه ها بیشتر میفهمن! #کره_خر #دختر_ها #مریضم,0,neg,0.9743066,0.006157551,0.019535942,0,neg
هر جا میری میبینی ملت دارن درباره هم شر و ور تفت میدن. خودت حالا چه گهی هستی ک فک کردی میتونی درباره دیگران نظر بدی #تخمی,0,neg,0.9660622,0.0070849555,0.026852801,0,neg
دمت گرم ژان,2,pos,0.0393295,0.056937933,0.90373254,2,pos
‌ شب عاشقانٖ بی‌دل چه شبی دراز باشد تو بیا کز اول شب در #صبح_باز_باشد #سعدی سلام صبحتان بخیر امروزتان همراه با,2,pos,0.048000854,0.06223697,0.88976216,2,pos
نه حرفم موافق بودن یا مخالف بودن نیست ..انقدر با فلاکت بعضیاشون دارن زندگی میکنن که اصلا فکر نکنم براشون مهم باشه .بودم زندگی کردم حس کردم,0,neg,0.9025295,0.017498067,0.07997243,0,neg
مردم بي سواد و مذهبي هم هورا ميكشند,0,neg,0.7800813,0.04320911,0.17670965,0,neg
طرف میگه شما بلد نیستین شل اپلود کنید من : نمایش فیلم برای مدرک نه شما پنل داشتید اپلود کردید من : کس ننتتتتتتتتتت #مارمولک #لزج #خایمال,0,neg,0.97340494,0.0062803854,0.020314725,0,neg
جدیدا اتفاقات عجیبی تو اتاقم میفته یهو یه صدایی میاد یهو یه چیز میفته #ترس,0,neg,0.97054887,0.006407886,0.023043286,0,neg
درست میگن بدون گلوله جواب میدیم پیشنهاد اینه که اشنا برود مذاکره با تروریستها.. #احمق #بیشعور_سیاسی #ابوموسی_اشعری,0,neg,0.97411025,0.006268717,0.01962105,0,neg
بعضی وقتها برنده می شوی ... بعضی وقتها یاد می گیری... pic.twitter.com/hLEJz3BFps,0,neg,0.5251931,0.109801956,0.36500496,2,pos
فردا کیهان با پررویی تمام از تیتر یکش دفاع میکنه و میگه: تیتر با حمله ضدانقلاب و دنباله های داخلی آن، رسانه های زنجیره ای، همراه شد #بیشرف,0,neg,0.9740762,0.0066478825,0.019275889,0,neg
یک موقت همیشه اصول رو رعایت میکنه.... دیشب به طور موقت گفت به ق.ق کاری ندارم. امروز به طور موقت به ق.ق دستور حد داد! ایشان حتی ذهن موقتی دارد و محکوم را محکومین می خواند! مثل عاقا موقت نباشید..... وسیع و بزرگ و سربلند باشید. #تجاوز_به_دانش‌آموزان https:// twitter.com/Khamenei_fa/st atus/1001534815403958277 …,0,neg,0.6663608,0.074466415,0.25917286,0,neg
یادش بخیر زمانی که کم سن و سال بودم نقش نگهبان رو تو خواستگاریا داشتم هر وقت خواستگار میخواست با دختره حرف بزنه میگفتن سجاد تو هم برو باهاشون تمام لذتش تو دیدن قیافه دستپاچه اونا و نقل قول کردن حرفاشون واسه بقیه بود,0,neg,0.48176455,0.1184172,0.3998182,2,pos
نمیدونم ترکیب دل و قلب رو آگاهانه توی این توییت استفاده کردی یا همین جوری به چیزی پروندی، در هرحال دمت گرم مثل همیشه باحالی,2,pos,0.11913883,0.10476572,0.77609545,2,pos
من در مورد رهبر تو گفتم و خواهم گفت.چون کشورم رو داره نابود میکنه.تو چرا به شخصی که 1400 سال پیش شهید شده توهین میکنی.(تلک امت قد خلت),0,neg,0.94930655,0.009791382,0.040902074,0,neg
بذار اینطوری بگم ادمای بزرگ ارزو نمیکنن میرن دنبالش منطورم ی چیزی تو همین مایه ها بودش,0,neg,0.956288,0.008692358,0.03501964,1,med
تلاشت قابل ستودن بود:-)),2,pos,0.05685961,0.07150791,0.87163246,2,pos
هربار روحانی گفت مردم نگران ارز نباشند ظرف یک هفته بعد بزرگترین منابع مالی و قاچاق ارز و شبکه های وابسته به خارج و داخلی را شناسائی کرد و اموال مردم را پس گرفت. بحران سازهای حامی پمپئو مدام میگویند قیمت دلارفیلان اما اینبارنه کسی صف کشید نه اتفاقی افتاد . دروغ بحران ارزی معلوم است https:// twitter.com/isna_farsi/sta tus/993042604404150272 …,0,neg,0.8983306,0.023193413,0.07847598,0,neg
همیشه تو اوج ناامیدی یه صدایی میگه من باهاتم,0,neg,0.91982335,0.014252407,0.0659242,2,pos
تنوع پذیر است و از علائم آن می توان به موج‌هایی که مدلینگ لباس یا تکنولوژی‌های جدید در جامعه ایجاد می‌کنند و همه را به سمتی جهت می دهند، نام برد. اساسا جامعه‌ای که دست خوش مدگرایی می شود و مرتب رنگ عوض می کند، به هیچیِ فرهنگی رسیده. لذا رشدی نخواهد داشت، چون همیشه ۴/,0,neg,0.4692925,0.12335684,0.40735066,0,neg
قالیباف داره انتقام میگیره ازصبح انقدر سم ریختن توفاظلاب هرچی سوسک بوده ریخته بیرون اخه این چه کاریه #قالیباف #شهرداری #سوسک,0,neg,0.97422194,0.0065905633,0.019187493,0,neg
جنگندەهای ترکیە در حال بمباران محله اشرفیه #عفرین که ده ها هزار غیر نظامی در آن زندگی می کنند، است. جمعیت شهر عفرین بە دلیل مهاجرت مردم از روستاها به مرکز شهر بە شدت متراکم شدە است. #سکوت_جامعە_جهانی #نسل_کشی,0,neg,0.9359573,0.012153159,0.05188954,0,neg
امروز با روز‌های دیگه فرقی نداشت، یه فرق داشت اونم اون دختره بود که اول صبح داشت می‌دویید، بقیه همون قصه بود، همه‌چی داره می‌ره بالا، شلوار و دست‌های ما داره میاد پایین‌تر #دلار #دست_از_پا_درازتر #تولد #تسلیت #مرگ_تدریجی,0,neg,0.9644406,0.007411531,0.028147832,0,neg
وقاحت،پررویی و بی حیایی رو هم اضافه کنید به ویژه خواری اونوقت میشه ژن و خون آقازاده... #عارف #آقا_زاده,0,neg,0.97349405,0.0061774263,0.02032852,0,neg
گسیل ماموران سرکوبگر در وحشت از حضور پرشور مردم در مراسم تشیع پیکر ناصر ملک مطیعی #بگونه : امروز ششم خرداد در جریان تشیع پیکر هنرمند مردمی ناصر ملک مطیعی، رژیم در هراس از تظاهرات ضد حکومتی مردم، مامورانش را برای ایجاد... https://www. facebook.com/begoonah/video s/1003630526463853/ …,0,neg,0.57546294,0.09956818,0.3249689,0,neg
هم توییت هم منشن هاشو خوندم مقداری شبیه هیچ یکم شعور اینجور افراد ادمو دلگرم میکنه https:// twitter.com/haghnegar/stat us/997421584230084608 …,0,neg,0.84234643,0.03348021,0.12417334,2,pos
#سید_حسن_نصراله,2,pos,0.04210763,0.059139606,0.8987528,1,med
ثريا قاسمي تو شب دهم به حسين ياري ميگه اما يه جوري ميگه كه واقعا آدم دلگرم ميشه,0,neg,0.9095233,0.01656533,0.07391143,2,pos
من هم که دیدم این دوستمون داره اسمارت اس بازی در میاره و توهین میکنه گفتم که با پشتیبانی صحبت میکنم و ایشون هم گفتن «هر طور که راحتی». با پشتیبانی تماس گرفتم و مشکل رو کامل توضیح دادم، پشتیبانی هم گفتن که مامور ۵ دقیقه منتظر می‌مونه و من هم گفتم که ایشون یک دقیقه هم منتظر نبوده,2,pos,0.40805903,0.13495523,0.45698565,0,neg
دوستان چراخبری ازهنگامه شهیدی عزیزنیست حتی خانواده اش هم اطلاعی نمیدهند #نگرانم,0,neg,0.9425807,0.011094754,0.046324518,0,neg
محمود گاگول اول از ضعف های خودت بگو کودن نفهم #کودن,0,neg,0.9742201,0.006156485,0.019623365,0,neg
هرچی برمیگردم عقب یادم نمیاد آخرین بار کی رو مودِ خوب و سرحال بودم,2,pos,0.08586987,0.08699566,0.8271345,0,neg
واقعن می‌خواد گزارشگر شه!؟ معرفی‌ش کنم یه جا یا با مستی پرید از سرش؟,0,neg,0.7659565,0.04658076,0.18746267,0,neg
واکنش هراس‌آلود مهره‌ها و رسانه‌های رژیم آخوندی در قبل تهاجم هوایی به دیکتاتور سوریه به ‌دنبال واکنش جنون آمیز ولی‌فقیه ارتجاع در قبال تهاجم هوایی سه کشور آمریکا، فرانسه و انگلستان به دیکتاتور سوریه، مهره‌ها و رسانه‌های رژیم نیز بیش از هر طرفی هراسان شدهاند pic.twitter.com/jY0P27CXm4,0,neg,0.68893486,0.069260284,0.24180487,0,neg
خیلی خوبه بعد چند سال انتظار یه دختری میاد تو زندگیت که نقاط مشترکتون بی‌شماره از این لحظه‌ها واسه همه آرزو میکنم ^__^ #عشق,2,pos,0.29011732,0.1410304,0.56885225,2,pos
باید رد شد! #فراموشی,0,neg,0.93630946,0.011751945,0.05193862,0,neg
باغت آباد طاغی جان,2,pos,0.040067658,0.057008114,0.9029242,2,pos
در سالروز وفات حضرت #خدیجة_الکبری ام المومنین، سلام الله علیها بیایید این بزرگوار را با سیل صلوات هامون خشنود کنیم اگر صلوات ها رو نمی فرستین لطفا #ریت و #فیو نکنید سهم هر نفر پنج #صلوات اگر بیشتر خواستین بفرستین در پایین منشن کنید در آخر تعداد رو اعلام می کنم,0,neg,0.5109389,0.11215533,0.37690583,1,med
وقتی دردناک میشه که خاطره‌ی ویرانی‌های دیروزت ، پناهگاهِ امروزت بشن! #تلخند #TheNine,0,neg,0.9560892,0.008786252,0.035124604,0,neg
وقتی میگیم ایران رو گروگان گرفتن بخاطر همین حرکات هستش تو کجای دنیا داخل پارلمان یک کشور پرچم یک کشور دیگه رو آتش میزنن ،جز این هستش که از این تنش همین آقا زاده ها و دو تابعتی ها بیش‌ترین سود رو میبرن #برجام #ما_گروگانیم,0,neg,0.9736453,0.006212321,0.0201424,0,neg
@xavier_piadoso همین سرویس رو سایت #الکفیل وابسته به حرم حضرت عباس و سایت #الجوادین وابسته به امامان کاظمین دارند.خیلی خوبه جدی #احسنت,2,pos,0.08589322,0.088709645,0.8253971,2,pos
دیروز #گپ نشون داد که از بقیه پیامرسانهای داخلی #بی‌کیفیت چیزی کم نداره با دوتا اکانت توی یک گروه عضو بودم با اولی پیام دادم بعد چند دقیقه خروج کاربری زدم با دومی وارد شدم دیدم پیام رو با اکانت دوم فرستاده نسخه تحت وبش هم که واقعا #افتضاح,0,neg,0.9427053,0.01105684,0.046237826,0,neg
موافقم . ولی اینم در نظر بگیر که یبار زندگی می کنی . بنظرم در آینده چشمتو روی این طرز فکر الانت میبندی ..... نمیخوام جاج کنم . فقط یه نظره ..... اصن اینا رو ولش ایشالا شرایط ایران درست شه که این افکار منفی دیگه سراغمون نیاد,0,neg,0.9157266,0.015467895,0.06880546,2,pos
بعضیا رو هم خودمون مینشونیم رو سرمون #ابله #پررو #کسخل,0,neg,0.96959865,0.006619028,0.023782369,0,neg
فوری هم اکنون پایگاه هوایی اندروز ـ آمریکا آماده سازیها برای استقبال مقامهای عالیرتبه آمریکایی از سه گروگان آمریکایی که در کره شمالی در زندان بوده و به نشانه حسن نیت آزاد شدند pic.twitter.com/IY7TAmcMZ1,2,pos,0.17532286,0.13012224,0.69455487,1,med
نامجو چقد عزیزه، چقد خوبه، چقد عالیه، چقد بلده، چقد من بگم این خوبه و کافی نباشه. لعنتی تو چقد خوبی اخه!! این “طلوع من” رو بازخونی کرده فقط سیگار میخواد چایی و هوای سرد سوزناک ! بشینی و بکشی و یخ کنی و گوش کنی و “حالا که هی میخوام شب و روز به هم دیگه دروغ بگن ساعتها هم دقیق شدن”,0,neg,0.7330113,0.055978943,0.21100976,2,pos
مرا با وعده گندم فریبم دادی باغت آباد ... الوعده را تماما وفا نموده ای .,2,pos,0.10416997,0.100503,0.795327,0,neg
هق,0,neg,0.6046288,0.077315316,0.31805593,0,neg
از وقتی #هاشمی_رفسنجانی فوت کردند،مشکلات کامل ایران شروع شد.تازه معلوم نیست چطور ایشون فوت کردند.از وقتی #هاشمی_رفسنجانی فوت کردند،مشکلات کامل ایران شروع شد.تازه معلوم نیست چطور ایشون فوت کردند. #پلاسکو #سقوط_هواپيما #بیکاری #دروغ #گزارشگر #گزارشگر_منوتو,0,neg,0.9698939,0.0066408874,0.023465311,0,neg
هروقت شما اومدید هر دو اینهارا محکوم کردید ، من که از مریخ اومدم ، میفهمم منادیان صنعت حقوق حشر حسن نیت دارند.,0,neg,0.95283306,0.009219066,0.03794787,0,neg
یک عمر به این بیشرفای حرومزاده بی عقل و هوسباز زن ستیز میدون دادیم و هیچی نگفتیم که روزگار ملت و ممملکتمون شده این! #بیشعور,0,neg,0.974295,0.0063039316,0.019401139,0,neg
گذشت دیشب بود الان شادم ، دراین حد بی ثبات,2,pos,0.043118104,0.05845223,0.89842963,2,pos
والا خودآگاه نیست هر کاری میکنم اشتباه تایپی عین شیطان بر سر توییتهای من چمبله زده هر چی بیشتر سعی میکنم درصد خطای تایپم بیشتر میشه شما بگذرید این یه مورد ر منم از این بعد نارسایی دارم حالا گاف هایی که در اثر این اشتباهات تایپی دادم ر دیگه نگم بهتره,0,neg,0.9586742,0.008377213,0.03294862,0,neg
کاش بابا امشبم بیاد به خوابم! اون وقت میشه سه شب پشت سرهم خوابشو دیدم!خوابش آرامش بخشه!لطفا امشبم بیا #دلتنگ,0,neg,0.94044715,0.011165945,0.048386935,0,neg
نگاهی به این مجلس بی بخار و ترسو کن واقعا فکر میکنی دوره بعد صادقی تایید صلاحیت میشه؟ شک نکنه رد صلاحیت میشه... #مجلس_دستچین_شده #مجلس_فرمایشی,0,neg,0.9672568,0.0070352517,0.025707953,0,neg
الان تو از جنگ شیعه سنی انتظار دست آورد داری؟ مگه برا مردم یمن میجنگن که انتظار دستاورد داری براشون,0,neg,0.9680439,0.006853339,0.02510273,0,neg
#به_رغم_مدعیانی_که_منع_عشق_کنند جمال چهره تو حکم موجه ماست,0,neg,0.8679506,0.023914257,0.108135104,0,neg
دمت گرم حرف دل منو زدی، اینا رسما مغازه زدن برای مردم بیچاره,2,pos,0.39134505,0.13365561,0.47499934,2,pos
فی الواقع چیز لق امثال دولت آبادی دیوث. باز هم بگذارید نسبی گراهای ملوس بیایند و فحاشی به استاد را تقبیح کنند، خوشا چنین قباحت و دریدگی ای.,0,neg,0.8123989,0.036658417,0.1509426,0,neg
#خامنه_اى_يك_حرامزاده_است,2,pos,0.40522322,0.1337069,0.4610699,0,neg
شاهین داداش این ملت با گوگل بیگانه ست یکی ی چیزی میگه همه میگن هورا اینجوری میشه که ی آدم غیر سیاسی و علمی و صد البته مخالف رژیم آخوندی مثل دکتر فیروز نادری رو میشه با ی توییت و دو تا هشتگ خراب کرد و اینقد بهش فحش دادن که کم کم ناامید میشه از حمایت معنوی اپوزیسیون,0,neg,0.97205263,0.006360909,0.021586495,0,neg
بپذیریم که ما به عنوان انسان حق داریم سلایق سیاسی متفاوتی داشته باشیم. اتحاد ما کلید پیروزی جنبشی است که آغاز شده است. #IranStrikes,2,pos,0.3409003,0.14519878,0.513901,2,pos
چه شب هايى كه با بچه هاى اروپايى دور هم نشستيم و حرف زديم و تا صبح بيدار مونديم. صميميت به اوج ميرسيد ولى فرداش انگار ديگه نميشناختنت. ابراهيم رو فقط نيم ساعت پشت دراى بسته ى يه جلسه ديدم و هنوز گاهى مسج ميده. ما شرقى ها عليرغم همه ى آشفتگى كشور و روانمون، گرمى خاصى داريم.,0,neg,0.9003871,0.01824725,0.08136552,2,pos
به هر حال، مردم عزیز ایران همواره در حال انتخاب بین بد و بدتر بودند، سیستم فلسفی بد و بدتر در انتخابات که جواب داده و گروه کثیری رو همراه خودش کرده، با همان منطق بری جلو، حتما این هورا هم منطقی جلوه می کنه,0,neg,0.7071065,0.062120717,0.23077275,0,neg
منم عاشق بچه ام خیلیااااا ولی شوهر دوست ندارم کاش میشد مریم مقدس وار بود ولی اونجوری الان باشیااااا ، مردم میگن حتما زدن بش در رفتن. تااازه شانسم نداریم بچمون عیسی طورم نیست ،بیاد به داد برسه،هعی.,0,neg,0.9388081,0.0116630485,0.049528874,2,pos
میتونست حتی مسلح شن من از کشته شدن اون یه نفر در جریان کازرون دفاع نمیکنم حرف من اینه که در همه جای دنیا پلیس یک کشور در قبال شهروند ها مصونیت قضایی داره و تمرد از دستور پلیس جرمه دیگه آتش زدن و لخت کردن و زیر گرفتن بماند,0,neg,0.9745643,0.0065149455,0.01892077,0,neg
عوضش سیزده به در سرحالی https:// twitter.com/mohandes_khast e/status/975852903545139206 …,2,pos,0.42545995,0.13436006,0.44018003,2,pos
جناب شریعتمداری بهتر نیست درمورد حمید هیراد بنویسی و به هنرمند های داخلی بپردازی و کاری به کاراونور آبیا نداشته باشین؟ البته ابتذال بده خیلی بد دزدی که بد نیست میدونم #مبتذل,0,neg,0.7494098,0.05132972,0.1992605,0,neg
"""۱۳۶۹/۰۱/۲۷ زاد روز یکی از بهترین های رپ فارسی... مرد تنها... علی سورنا"""" #سورنا #مرد_تنها #آوار #نگار #کویر""""""",0,neg,0.82112104,0.038446613,0.14043236,2,pos
زنده باد دهه پنجاه هر حرکتی و تغییری هست با ما دهه پنجاه شرکع میشه https:// twitter.com/Mori_delbari_2 /status/1002231773668003841 …,2,pos,0.3184406,0.1485335,0.533026,2,pos
کاش یه دولتی بیاد اگه پول نفتمون رو خورد حداقل شادی رو قسطی بفروشه,0,neg,0.7869563,0.04142005,0.17162359,0,neg
خود جمهوری اسلامی هم وسیله است برای دستیابی به قدرت و حکومت جهانی,2,pos,0.14535478,0.1176422,0.737003,0,neg
وقتی میگم فلان کارِت منو اذیت میکنه و باز و باز اون کار رو تکرار میکنی،اگه پفیوز نیستی پس چی هستی پدسّگ؟,0,neg,0.97267795,0.006216346,0.021105705,0,neg
همین بلا بصورت پیام‌ برای من اتفاق افتاد نمیتونم توضیح بدم چقدر حس مزخرفی بود خصوصا که داماد‌ باهوش‌ متوفی پیام تشکر شرکت در مراسم عزاداری رو از زبان متوفی ‌ نوشته بود. خوش آمدی بمزارم‌ نموده‌ای یادم .بخوان تو سوره الحمد تا کنی شادم ‌ دوست عزیزم ممنون که در مراسمم‌ آمدی و....,2,pos,0.09398043,0.09508305,0.8109365,0,neg
واسه درمان رفلکس چی پیشنهاد میکنید بیهوده ها؟,0,neg,0.7950587,0.042663928,0.1622774,0,neg
نه ؛ مردنش به چه دردم میخوره ؛ اگه اخته کردن بود آره میارزید ؛ چون تو اعدام اون میمیره و راحت میشه و اینم منم ک باید با این زجر تا آخر عمر زندگی کنم ؛ البته آدم تا تو موقعیتش قرار نگیره واکنش واقعیش معلوم نمیشه,0,neg,0.9734123,0.006160124,0.020427668,0,neg
لطفاً برنامه های جهت آگاهی بخشی به عموم مردم در مورد #نافرمانی_مدنی و #تحریم_خرید تولید کنید، ما اینجا هیچ تریبونی نداریم و همه جوره در خطر هستیم. شما صدای ایران آزاد باشید. سپاس از الطاف شما #IranStrikes #دومینوی_اعتصابات,0,neg,0.5062679,0.11574919,0.3779829,2,pos
برداشتی اونوقت نه من ، که مردم جامعه قدردان و حامی تو خواهند بود. حسن آقا خمینی، وقتشه باور کنی مردم از خاتمی و میرحسین هم گذشته ن، وقتشه باور کنی کشتی ارزشمندی که جد شما ناخدای شایسته ای نبود براش، الان بدست نااهلانی ظالم به شکلی بدتر داره اداره میشه و اگر این ظلم نیست پس چیست؟!,0,neg,0.70963985,0.061928097,0.22843206,0,neg
حرفش مصداق کلمه الحق یراد به الباطله. نتیجه چرتی گرفته اولا. ثانیا صاحب و مدیر مدرسه دقیقا هم فکر و هم عقیده زیباکلامه! نشون میده اتفاقا باید سختگیرتر بود.,0,neg,0.4903477,0.12011994,0.38953227,0,neg
آدم های تند رو همیشه خطرناک اند...راستش غیر قابل اعتمادند... درست مثل اصرار به خونه دار کردن مردم بدون برنامه ریزی.. کی می دونه اگه مسکن مهر اصلا ساخته نشده بود الان چندین نفر از مردم زنده مونده بودن؟! #خیر_یا_شر #احمق #مسکن_مهر #مصیبت #زلزله #تلخ,0,neg,0.9738548,0.0062361006,0.01990906,0,neg
یه عکاس خبری هم داریم که معتقده در یک مراسم عمومی هرکی از چیزی عکس بگیره که اون هم گرفته، سوژه ایشون رو کپی کرده!!! #توهم,0,neg,0.9200894,0.015076834,0.064833745,0,neg
"""نوشته """"برقع به لحاظ فلسفی قابل دفاع نیست"""". حالا منم قبول ندارم برقعو و با ترویجشم مخالفم و به دین بستنشم خلاف میدونم ولی... یعنی چی یه چیزی به لحاظ فلسفی قابل دفاع نیست؟ مثلا جوراب به لحاظ فلسفی قابل دفاعه؟ فلسفه مگه یه موجود مشخصه یا یه سری قواعد خاصه که بگیم فلانی باهاش مخالفه؟""",0,neg,0.9594913,0.008304038,0.032204635,0,neg
همین الان با خواب شروع جنگ پاشدم حتی خوابش هم وحشت زده ام کرده,0,neg,0.9678955,0.0067977374,0.025306745,0,neg
فی الواقع خدا که فقط خدای آدم های خوب نیست، خدا، خدای زندانی و دزد و قاتل هم هست ما باید تلاش بکنیم برای اهلی کردن آدم ها، اهلی کردن یعنی ایجاد علاقه کردن فی الواقع خداوند اند مرام،اند معرفت و اند رفاقته... #مارمولک,2,pos,0.29971966,0.1409642,0.5593162,2,pos
ساعت ۱۲:۳۰ شب تازه شروع کردن طبل زدن و عزاداری، خب من کیرم سر در خونه صاحب مجلس #عزاداری #محرم #طبل #بیشعور #الاغ #جاکش,0,neg,0.9745316,0.0062611974,0.019207213,0,neg
هنگام تنگدستی در عیش کوش و مستی که این کیمیای هستی، قارون کند گدا را #حافظ #مشاعره,2,pos,0.29023454,0.14121945,0.568546,1,med
هراس سر دژخیم قوه قضاییه از مجاهدین #IranRegimeChange #ایران #اعتصاب_سراسری #براندازم #قیام_سراسری #ایران_آزاد۹۷ #قیام_تا_سرنگونی pic.twitter.com/2rWO9GlUK7,0,neg,0.67538035,0.072059,0.25256065,0,neg
شما آخوندای مفت خور مخالف کمونیست هستید فقط بخاطر اینکه نشون میده مفت خور و بی مصرفید #اسلام #آخوند #مفتخور,0,neg,0.97389346,0.00620398,0.019902555,0,neg
تنها برتری ما نسبت به نسلهای قبلی و بعدیمون اینه که هرروز که بخوایم میتونیم دوش بگیریم .قبلتر از ما حموم نبود،بعدتر از ما آب نیست #نسل_سوخته,0,neg,0.83310133,0.035370186,0.13152853,0,neg
مگه میشه با داشتن همچین مادری اون یذره کسالت از بین نره . دختر انگشت پفکی خوبه خوبترم میشه اون امید و تو جشای تو میبینه و اون براش بهترین دارو و تقویت کنندس,2,pos,0.07261909,0.079556845,0.8478241,2,pos
"""شبی حداقل یک دقیقه کتاب بخوانیم وقتی کسی جوان، زیبا، ثروتمند و مورد احترام است، می‌پرسیم که آیا شاد هم هست؟""""تا بدانیم که خوشبخت است یانه. ولی اگر شاد باشد،دیگر فرقی نمی‌کند که جوان است یا پیر، راست‌قامت یا گوژپشت، ثروتمند یا فقیر؛ چنین کسی شادکام است و این او را بس.""""""",2,pos,0.13480534,0.11711128,0.7480834,2,pos
اینایی که نمیدونن#صدرامحقق رو برا چی گرفتن، فحش میدن یا دفاع میکنن ازش، هردو به یه میزان #احمق اند!,0,neg,0.9744941,0.0063142814,0.019191643,0,neg
با شروع فصل دوست داشتنت تغییر کردم هر روز و هر روز از درون بهاری شدم ،زیبا شدم ،با رفتنت هم عزیزم تغییر کردم هر روز و هر روز زرد و پژمرده شدم حتی زمستونم نشدم هیچ چیز زیبایی در من نیست ،نازیبا و تنهام . #خنگول,0,neg,0.57508504,0.095602006,0.329313,0,neg
تخت یک نفره پتوی یک نفره میز وتنها یک صندلی این ها لوازم خانگی نیستند... لوازم #تنهایی اند,0,neg,0.9735382,0.006211279,0.020250512,0,neg
بستن شدن در ها گرچه دلگیر است شیر پا در بند همچنان شیر است حمله حمله حمله حمله حمله #پرسپولیس_ قهرمان _ایران pic.twitter.com/SgOkTPMPGD,0,neg,0.81692094,0.039425306,0.14365382,0,neg
یه تماما خوشبخت و یه نسبتا بدبخت اون طرف :))))),2,pos,0.042927336,0.05885413,0.8982185,2,pos
دِ کیری‌ مقام، 3000 تا فالویینگ داری ، یعنی چی؟ ینی اینکه گدای فالوئری، کف کص بدبخت کم میاری از کیر‌ و خایه فالوئرای فیکت بالا نرو حرف بزن ، هرچند ،جوری گاییدمت که نای حرف زدن نداری,0,neg,0.94163656,0.011167205,0.047196183,0,neg
معرفي ميكنم پيشروي اصلاح تفكر عمومي بين دوستام @MJavadM1 pic.twitter.com/qVwmpn19nD,2,pos,0.08912807,0.0958752,0.8149967,1,med
خوردن #میوه در وعده #صبحانه باعث سرحالی و #شادابی بدن می‌شود و از #یبوست پیشگیری می‌کند @IRNASEMNAN pic.twitter.com/q0IijctLg4,2,pos,0.2070758,0.13827121,0.65465295,1,med
همانا ویرانی زمین بدلیل تنگدستی مردم است و تنگدستی مردم به دلیل غارت اموال آنها از طرف زمامدارانی است که به آینده حکومتشان اعتماد ندارند...! علی بن ابیطالب . #اعتصاب_کامیونداران,0,neg,0.583606,0.09579372,0.32060033,0,neg
سلیقه موسیقی رئیسم مثه منه سرویس کرده هرچی گوش میدم میگه بفرست فوبیای پلی کردن اهنگ گرفتم ،خوشتیپی احترامت واجب محبوببیتت سرجاش ولی دیگه گاییدی بکش بیرون آفرین,0,neg,0.70665556,0.062199127,0.23114534,0,neg
هدف از #چهارشنبه_سوری #شادی بوده ولی الان ما تبدیلش کردیم به #ترس,2,pos,0.15855628,0.11852456,0.72291917,0,neg
شما مولاعلی(ع) نیستی که سکوتت همیشه مصلحت آمیز باشه کاری کن قوه قضائیه! #سعید_طوسی #محمود_صادقی #شکایت_دارم,0,neg,0.7628188,0.048560254,0.18862091,0,neg
من اسم تمام اهداف و خواسته هامو، آرزو میذارم که وقتی بهشون رسیدم، کامروا محسوب شم.,2,pos,0.40242842,0.1359166,0.46165502,2,pos
از کل مجموع کشته شدگان زلزله اخیر تنها 2 نفر در مسکن مهر اتفاق افتاده است و اگر این مسکن ها نبود، آمار به بیش از دو برابر افزایش می یافت بعد #روزنامه_همدلی این وسط کل صفحه اولشو کرده مسکن مهر سلام #بیشعور,0,neg,0.971779,0.006319218,0.021901794,0,neg
وحشتناک گرمه,0,neg,0.4491371,0.12669826,0.4241647,0,neg
بچه هاشون چى؟ اى كاش بچه هاشون رو كه همه اقامت آمريكا دارن رو هم ديپورت كنه! #سيف #آقا_زاده #ترامپ,0,neg,0.9741692,0.00619707,0.01963375,0,neg
دمت گرم چی رو کردی ایول داری,2,pos,0.041456006,0.05833102,0.900213,2,pos
دوستم میگه ساعت ۳ نصف شب با کی قدم میزدی تو حیاط وی قبل ساعت دو بیهوش شده بوده خدا ب داد برسه جنم شبیه خودمه .... #داستان_ترسناک,0,neg,0.93547547,0.012052052,0.05247244,0,neg
هواخواه توام جانا و می‌دانم که می‌دانی که هم نادیده می‌بینی و هم ننوشته میخوانی . #حافظ,0,neg,0.6560029,0.073997125,0.27000004,2,pos
حرم امام رضا تو این دو روز به غایت خلوت بوده و اصلا #به_به #امامی_الرضا #شمس_الشموس,0,neg,0.77606654,0.04461759,0.17931585,2,pos
معلّم شریعتی :« انتظار، ایمان به آینده است و لازمه اش انکار حال. کسی که از حال خشنود است ، منتظر نیست. »,2,pos,0.41312882,0.13508119,0.45178995,2,pos
تو راس میگی عمویی، هر کی رفت طرف آمریکا باید بهش حمله کرد. تو خوبی. #عرزشی #یابو #داعش_وطنی,0,neg,0.9600747,0.008012958,0.031912245,0,neg
قمپز دانشمندی.. جیره خور و مزدور .. ایجاد ترس و تشویش اذهان عمومی.. چقدر آشناست این برچسبا... خوشا به سعادت اون مملکتی که قراره بیوفته دست شما.. شما هم داری خیلی خوب به وظیفه‌ت خوب عمل میکنی جَوون ..خدا قوت..؛),2,pos,0.34280866,0.14508386,0.5121075,2,pos
خوب که چی روز هزار دفعه این صحنه رو میشه تو خیابون‌ها دید #فارس_نیوز#بیناموس #دزد #دروغگو,0,neg,0.8445671,0.031540543,0.12389237,0,neg
یه دوستی دارم همیشه میگه یه خواستگار داشتم فلان بود، یه خواستگارم فلان بود امروز فهمیدم به دوس پسرایی ک داشته می‌گفته خواستگار و البته به کسایی ک بهش پیشنهاد میدادن,0,neg,0.67076904,0.070609294,0.2586217,0,neg
در عوض وقتی من شما را با چادر در حالیکه حس خوبی داری می بینم، احساس خوبی بهم دست می دهد که با انتخاب خودتان لباس می پوشید، و قدمهایم محکم تر می شود برای تلاش بیشتر در دستیابی به شرایط برابر با تو، در دستیابی حق انتخاب آزاد پوشش. #نه_به_حجاب_اجباری,2,pos,0.22065571,0.13672958,0.6426147,2,pos
دولت آبادی کمونیست طرفدار دیکتاتوری پرولتاریا بود قبلا الان‌ هم ماله کش بعد از دیکتاتوری مطلقه فقیه روزه هم میگیره میره سر سفره جلاد بیشرفی اگر‌ تعریفی داشته باشه دقیق ایشون مصداقش هستند,0,neg,0.946386,0.010356486,0.04325758,0,neg
بدترین صدا ؛صدای بسته شدن زیپ چمدون مسافرتی #دلگیر,0,neg,0.95756704,0.008333207,0.034099728,0,neg
دیدین بعضی باباها برای زن و بچه خودشون مثل سگن ولی به دیگران که میرسند خوش خنده، خوش سفر، خوش مشرب و دست دل باز میشوند عین رژیم ج.ا خودمون #IranRegimeChange #تجاوز_به_دانش‌آموزان #اعتراضات_سراسری,2,pos,0.41387597,0.13380983,0.4523142,2,pos
قهرمانی #رئال رو به آقا تبریک میگم و این جام رو تقدیم به ایشون میکنم که اگر حمایت های کلامی ایشان نبود دستیابی به این مهم میسر نمیشد.,2,pos,0.2059186,0.1336436,0.66043776,2,pos
جدا امروز به یک هموطن بحث که باید به افق سوئد روزه گرفت یا نه، میشه بیست ساعت. داشتم فکر میکردم چقدر اسیر پوستیم. انگار افتخار داره یک ماه بیست و دو ساعت گشنه بودن.... چقدر ساعت رو آدم بود تو این ماه جدا.,0,neg,0.7228301,0.058332462,0.21883744,0,neg
حال گریختن ازکشتی شکسته‌ی نظام هستند.دفترِ ایامِ کابوسِ ج اسلامی به صفحه‌ی آخر رسیده است. تصمیم‌سازانِ اصلی این پایان‌بندی، برخلاف شعارهای باسمه‌ایِ توهم‌زدگانِ چپ‌نما و سودجویان خارج‌نشینِ هواخواهِ ج اسلامی، نه «امت همیشه در صحنه‌ی ایران» و نه «امام غایب» هستند. موازنه‌ی قوا,0,neg,0.94314086,0.010912541,0.045946606,0,neg
مدتی رفتیم و او یکبار یاد ما نکرد #وحشی,0,neg,0.9729019,0.0060830177,0.02101515,0,neg
من نمیدونم درست دارم رپلای میکنم یا نه. اما با این وضعیتی که شما بدون تردید مطلعین هیچ مربی بزرگی به این خراب‌شده پا نمیذاره. هیچ مربی بزرگی به این کشور نمیاد. ورزش گره خورده به سیاست. بله کی‌روش جای نقد داره، اما نقدی که از تسویه حساب و تعصبات رنگی نشات گرفته نباشه,0,neg,0.94196224,0.011032937,0.047004886,0,neg
دلم برای تو تنگ است و این، محزون ترین اخبار شبانگاهیست... #عشق #دلتنگی #شعر,0,neg,0.9671181,0.0069111534,0.025970832,0,neg
. #دلتنگی,0,neg,0.9519991,0.0091082845,0.038892638,0,neg
#موهاش دریا بود #دنیامو زیبا کرد فهمید دیونه ام موهاشو کوتاه کرد. #بیشعور #عوضی #لجن,0,neg,0.9741328,0.006211316,0.019655954,0,neg
به امید خدا ک نت خونگیه دیگه سیمکارتی ک نیست احیانا :|,0,neg,0.9372468,0.011734471,0.051018745,0,neg
مسلمان کشی چه ایرادی داره مگه؟ تازه ثواب هم داره و امام زمان خییلی خشنود میشن از کشتن هر چه بیشتر مسلمانان فعلا ۵۰۰ هزارتا کشتن مخصوصا کودکان سوریه حضرت فرمودن هیچ چیز به اندازه فواره خون گلوی کودکان سوریه برایم لذت بخش نیست,0,neg,0.571263,0.098976165,0.32976082,0,neg
میدون مادر یکی هست شیر انبه بستنی و... قاطی کرده با هم هیولا اونو بزنی به اسمش دیگه فکر نمی کنی,0,neg,0.9616985,0.007785145,0.03051647,2,pos
تو بگیر ده تا بگیر دوازده تا اصلا یک گردان انشالله خوشبخت بشی,2,pos,0.07455764,0.080389544,0.84505284,2,pos
تو خوب تو مرد تو قهرمان ملي !,2,pos,0.041763477,0.058127496,0.900109,2,pos
من خودم اسطوره سر و صدا راه انداختنم وقتی مشکلی پیش میاد.حالا میدونین قسمت وحشتناکش چیه؟سر و صدا راه بندازی،دور و برتم پر مرد باشه،ولی چون هیچکی حوصله دردسر نداره خودش و قاطی نکنه،اونیم که داره اذیت میکنه ازین که کسی چیزی نمیگه ذوق زده تر بشه و به کارش ادامه بده!وضعیت تهوع آوریه,0,neg,0.97363144,0.0061745523,0.020193975,0,neg
سلام. عرض کردم که بدبینانه اس حرفم ولی واقعا کاش این درّ تو صدف بیشتر از #راشل_کوری مورد اشاره برادران! بود. و ایضا اینکه دوستدار شما هستم...,2,pos,0.231986,0.13800228,0.6300117,2,pos
نه ولي وقتي بچه ميبينه مامانش هراسان داره فرياد ميزنه ميترسه مادري كه خودش ترسيده چطور بچش رو با خنده آروم كنه؟,0,neg,0.95562947,0.008732665,0.03563793,0,neg
من خشمگینم ! مردم هم مثل من خشمگینند از : دیدن جوان هموطنم که کولبری میکند از دیدن بچه های کار که باید بجای درس خواندن کار کنند از دیدن شرمندگی پدران سرزمینم از دیدن جوانان مملکتم که بهترین سال های زندگی خود را هدر میدهند از دیدن این همه اختلاف طبقاتی /,0,neg,0.8895338,0.020161513,0.09030468,0,neg
یه جمعی از د‌وستان شاد، باجنبه و بامرام که دورهم جمع شدیم برای ترویج فرهنگ شادی، خنده، مثبت اندیشی ومحبت تو این زمونه‌ای که کمتر پیدا میشه متاسفانه! که برای ترویج اون هم از کلمه محبت‌آمیز #عزیزم استفاده میکنیم. امیدوارم توضیحی کاملی داده باشم #عزیزم https:// twitter.com/zamanshoar/sta tus/978354854816083969 …,2,pos,0.11098839,0.10454559,0.784466,2,pos
واقعیت اینه که نمیشه قیمت زمین و ارزش افزوده رو در جهت‌دهی معماری و متد ساختمان سازی نادیده گرفت. واسه همین این لفاظی‌ها بیشتر مزخرف گفتنه. تغییر سبک زندگی هم مسلما دستخوش همین عوامل اقتصادی و تلفیق فرهنگیه که نتیجتا نوع نیاز انسان امروز رو نسبت به اون افراد متفاوت میکنه.,0,neg,0.62063015,0.085517146,0.29385278,0,neg
و می‌شود از این‌هم خوب‌تر باشی؟ https:// twitter.com/snzzzzzzzzz/st atus/939205978016202752 …,2,pos,0.046260953,0.06204848,0.8916905,2,pos
"""جدیدترین پیامک های فلسفی – fovj جدیدترین پیامک های فلسفی جدیدترین پیامک های فلسفی",2,pos,0.11225483,0.10665952,0.7810856,1,med
فاطمه سعیدی : مطالبات مردم فقط اقتصادی نیست ، صدای مردم را بشنویم ، هم‌زبان باشیم چیزی ما را تهدید نمی‌کند https:// negaam.news/1397/02/22/344 869/ … pic.twitter.com/OTkhaJ7aOk,0,neg,0.5824077,0.09661252,0.3209797,2,pos
منم خیلی تصاویر توی ذهنمه که زمانش برام مشخص نیست اما قدیمی ارین اش جون سیاه ترین و وحشتناک ترینش هم هست، بخوبی یادمه کدومه,0,neg,0.9474565,0.010088098,0.042455442,0,neg
خیلی مخلصیم آقا جان❤❤❤❤,2,pos,0.050687425,0.064740136,0.8845724,2,pos
یکیشون که تو بغلم مرد یجورایی تراژدی بود:)) :((,0,neg,0.8787667,0.02605041,0.095182896,2,pos
دمت گرم حقوق هارو ریختن به حساب یا نه؟؟واسه من واریز نشده هنوز,0,neg,0.5466911,0.104530744,0.34877813,2,pos
وقتی پسرا از بچگی شوخیشون میشه انگشت کردن همدیگه تو مدرسه بی شک از هر مدرسه ای یه تعداد متجاوز و یه تعداد بیگناه ترسو بیرون میاد ! از ریشه مشکل داره داستان ... #MeToo,0,neg,0.9744762,0.0063844966,0.01913922,0,neg
یه دوست همه چی تموم دارم، پولدار و خوشگل و تحصیل کرده و بسیار خواستنی. بعد همین بشر همیشه در حال بدبیاری در رابطه و زندگیه. هر وقت خیلی حس بدبختی دارم اونو واسه خودم مثال می‌زنم می‌گم سارا جون کتف چپشم نیستی ولی اوضاعت ازش بهتره. اینجوریه که ادامه می‌دم.,0,neg,0.8083908,0.03970699,0.15190227,0,neg
دوستی می‌گفت: از خود ما رستم شدی آخر به ما دشمن شدی #ضربالمثلدری #لاشی,0,neg,0.97345924,0.0062134652,0.020327289,0,neg
دم در موقع رفتن، سیامک گفت فردا زنگ بزن بهم یادآوری کن بیام دریل کاری هارو انجام بدم برات، با خوشحالی داد زدم مرسی خدا جونم :)) #خوشی,2,pos,0.044497136,0.059574094,0.8959288,2,pos
تا حاظر نشید برای آزادی در کشته شدن پیش قدم بشید هیچ چیزی تغییر نمیکنه....صدتا 40 سال هم بگذره همینه..... #ترسو #بزدل,0,neg,0.97230554,0.0063402005,0.021354329,0,neg
راستي جان ادميزاد سيري چند؟ فصل حراج است اين فصل... #سارو_قهرمانی #سيناقنبری #سانچی_غرق‌_شد #معدن #پلاسکو #زلزله,0,neg,0.97044206,0.0065136985,0.023044283,0,neg
اگر #باران نبود کسی نمی دانست هوا #دلگیر است,0,neg,0.97401166,0.0061995755,0.01978885,0,neg
چه با #شکوه #دولت #آخوند رفت و رفت و رفت تا #موزه #لندن,0,neg,0.9734827,0.0061513707,0.020365888,0,neg
سپاس از جناب نخست وزیر ⚘ #IranRegimeChange,2,pos,0.043271925,0.060859855,0.8958682,2,pos
ماله کشان هرچه زودتر خوشحالمان کنید #دزد #آخوند,2,pos,0.30949697,0.14135343,0.54914963,0,neg
قالیباف هم‌چنان دروغ‌ می‌گوید و توهین می‌کند. دزدی که فریاد دزد دزد سر می‌دهد. #مناظره_سوم #کثیف,0,neg,0.94873387,0.009861527,0.041404605,0,neg
یه وضعیت روانی هست به اسم مسوفونیا. بعضیا بهش دچارن... من خودم از صدای جویدن و هورت کشیدن و خلال کردن دندون متنفرم و تا حد انفجار عصبانیم میکنه. ممکنه این باشه.,0,neg,0.9646224,0.007346631,0.02803102,0,neg
وزیر خارجه آمریکا از دستیابی به رویکردی مشترک با اروپا در برابر ایران اطمینان داد http:// bit.ly/2GI1Mz9,2,pos,0.15561314,0.12297813,0.7214087,1,med
همه یه جوری در گیر و گرفتار یه سری عقاید چند قرن پیش هستن,0,neg,0.97184384,0.0063430313,0.021813165,0,neg
ماهی بیچاره را آب آن چنان تازه نکرد.... آنچه کرد اندر دل وجان‌های مشتاقان صیام... گر چه نفست رستمی باشد مسلط بر دلت!! لرز بر وی افکند چون بر گل لرزان صیام... #مولانا #رمضان_الكريم,0,neg,0.5547068,0.10231549,0.3429777,0,neg
از این پس بجای کلمه ی غریب #خانه_ملت ( #مجلس_نمایندگان ) باید #دار_المنافقین نامید. #مجلس_غربگرا #شفافیت_آراء_نمایندگان #فرجام_غربگرایی #شفافیت #شفافیت_آراء_مجلس #بی_غیرت #مفت_خور #نفوذ,0,neg,0.9732656,0.006246656,0.02048779,0,neg
"""وقتی که مجروح و زخمی میشی باید درمانش کنی اگه نه چرک میکنه و هزار درد و مرض دیگه میاد سراغت. جامعه ی زجر کشیده ما مثل اون جراحتِ",0,neg,0.9739742,0.0061916825,0.019834206,0,neg
چه درختای سرحالی ، کاملا مشخصه که خاکش شور نیست، برعکس حیاط خونه ی ما.,0,neg,0.7933208,0.0400965,0.1665827,2,pos
بفرما تا تيشرت از كمد در اوردم طوفان شد نخواستيم بابا #هوا #طوفان #شانس #بارون #شيت_به_زندگي #سگ_توهوا,0,neg,0.9743347,0.0062811137,0.019384138,0,neg
بعنوان یه کتابدار و دیدگاه کتابداری .واقعا به کتابخوانی خیلی کم لطفی میشه,2,pos,0.18270856,0.12708351,0.69020796,0,neg
#زندگي يعني... مداد #استدلر ، دفترچه يادداشت با #كاغذكاهي ، و بوي كتاب هاي #قديمي .... #حال_خوش,0,neg,0.50801,0.11319974,0.37879026,2,pos
یه تپه الان هست که اسمش نریده‌س نزدیکای پارچین و صنایع موشکیه انگار حالا اگه اونجا سالم موند ایشالا حتما قبول میکنم,0,neg,0.5178995,0.11161022,0.37049022,2,pos
#بیشعور,0,neg,0.9672327,0.0070262994,0.025741015,0,neg
تنها حس من به شما تنفر به شما #احمق,0,neg,0.9238254,0.013657199,0.06251742,0,neg
شادم ، كه ز شاديِ جهان آزادم! #مولانا,2,pos,0.040815808,0.058119487,0.9010647,2,pos
خبر دارید اینستاگرامم فیلتر شده یا ن,0,neg,0.6963388,0.06400779,0.23965338,1,med
چه جالب كه كل مشكلات مملكت ما تو فيلتر كردن يا نكردن تلگرام داره جلو ميره تا كي جهل و ناداني پيشه ميكنيد ملت يكم بخودتون بيايين و براي سرافرازي اين انقلاب و نظام قدمي برداريد،انكسي هم كه كشور را ترك كرد لياقت موندن تو كشورمونو نداشته اگه داشت ميموند و خدمت ميكرد به انقلابمون.,0,neg,0.95079213,0.009547761,0.039660044,0,neg
با جماعت ابله طرف شدم.زیاد خودم خسته نمیکنم.چون همین قدر هم نمیفهمی.یعنی خدا چقدر زحمت کشید تا موجودات ابله مثل شما و طالبان و داعش رو یکجا افرید.فکر کنم خدا.رید.در حد کلاس پیش دبستانی.بالاتر.نمیفهمید میزنید به 28 مرداد و عمام تو چاه.فهمیدی؟یا برات نقاشی,0,neg,0.92287266,0.014204241,0.062923074,0,neg
نه مثل اینکه جداً خیلی از این ارزشی‌ها تنفر داری، هر جور شده بارون‌رو ربط دادی به ارزشی‌ها,0,neg,0.95733523,0.008495306,0.034169443,0,neg
هیچی فقط دلم یه جورایی سوخت ... این واژه چند وقته هرروز یه جایی که میخوام برم یه کاری که میخوام بکنم خود نمایی میکنیه... pic.twitter.com/EmdjQ24FLf,0,neg,0.8103103,0.04050628,0.14918332,0,neg
چه هوس برانگیز ! :),2,pos,0.31288213,0.14085203,0.5462659,2,pos
عینک آمریکایی زدم چون طرفدار امریکای جهانخوارم که به جام جهانی صعود نکرده,0,neg,0.92023134,0.014451737,0.0653169,2,pos
شیرین چجوری کامروا بود با اون دل خونش؟ https:// twitter.com/Mahooolak/stat us/990527920773922818 …,2,pos,0.06565183,0.077848844,0.8564994,0,neg
حالا که خیط شدی دیوث #ولایتمعاش #مزدور_سایبری #دروغگو,0,neg,0.9734761,0.0067792446,0.019744683,0,neg
راستی، وقتی یه روز خوب میاد شاید از ما چیزی نمونه جز خوبیا #هیچکس مود,2,pos,0.06446482,0.073631495,0.8619036,2,pos
من هروقت آهنگ منتظرت بودم داریوش رفیعی رو گوش میدم تو ذهنم یه پیرمرد عصا به دست میاد که چشماشو بسته رو صندلی راک کنار گرامافون نشسته و این آهنگو پلی کرده,0,neg,0.7896848,0.040575445,0.16973977,0,neg
با من باش تا کامروا گردی:),2,pos,0.041310195,0.058523703,0.9001661,2,pos
والا مجتباجان، ما معنی #تجاوز رو نمی‌دونستیم. با این تعریفی که اینا می‌کنن، بله ‌. به کرات.,0,neg,0.9648743,0.0072751655,0.027850479,0,neg
خوشا به حالت. حالش رو ببر.,2,pos,0.04198851,0.05757784,0.9004336,2,pos
وقتی ا.ن میاد میگه آب بریز اونجا که میسوزه و ممه رو لولو برد پولادگر گوسپند هم میاد به رضا مهماندوست میگه مزدور! #بیشرف,0,neg,0.97426695,0.006415412,0.019317666,0,neg
خود دانشگاه جشن 22 بهمن برگزار میکنه واسه اینکه نشون بده خایه ماله! اونوقت 4 تا دانشجو شرکت میکنن که نشون بدن خایه مال ترن؟؟ #خاک_بر_سر,0,neg,0.9101116,0.020042835,0.06984557,0,neg
@mitrazamani09 نه گل و بلبل نیست . ولی ما حواسمون هست کیا دارن گند میزنن و بدبختیامون از کجاس. ولی یه عده سعی دارن گناهشونو بندازن گردن یه عده دیگه . شما هم لطف کن دیگه بنده رو ریپلای نکن . چون مشخصه جیب شما هم آره,0,neg,0.9048292,0.021300558,0.07387024,0,neg
هیچ چیز به اندازه خنده های صادق لاریجانی موزی برای من زور نداشت #دوقطبی #آتش_به_ختیار #روحانی #فضای_امنیتی #رهبر #ترس #24میلیلون_هیچ,0,neg,0.9742964,0.0061830045,0.01952061,0,neg
از اسمش پیداست : #آخوند = #دزد,0,neg,0.96413624,0.0073248036,0.02853897,0,neg
شاید تنها کشوری باشیم که به جای استفاده از خود پل عابر پیاده، از سایه اش استفاده میکنیم!!! #تلخند #فرهنگ,0,neg,0.9734571,0.006227493,0.020315452,0,neg
ی نصیحت: همیشه مثل سوگند به خودتون افتخار کنید^__^ https:// twitter.com/Mahia__Panahi/ status/1002260474736586753 …,2,pos,0.07145881,0.08331161,0.8452296,2,pos
خوش‌بختانه این مسائلی که گفتم کمترین حدش رو توی دانشگاه خودمون شاهدش بودم و بیشتر منظورم جریان کلی انجمنیاست. در ثانی جز قسمت آخر جمله‌م که گفتم بقیه رو حذف میکنن بقیه جمله‌م کجاش میتونه اشتباه باشه؟:پول ملت و پشت ‌ گرمی دولت.,0,neg,0.70366776,0.063295804,0.23303643,2,pos
من از اون داستان اینقد وحشتزده شدم که دیگه میترسم.,0,neg,0.9737017,0.0062591597,0.02003908,0,neg
وقتی ته رول داری، یه پشت گرمی خاصی همراهش هست.,2,pos,0.050769843,0.06423577,0.8849944,2,pos
#وطن_فروش #خائن #نوکرروسیه #نوکرانگلیس #چریکی,0,neg,0.9710231,0.006387207,0.022589738,0,neg
من برانداز نیستم و معاقد به اصلاحات هستم از برخی کاربران برانداز هم متنفرم حتی بیشتر از یه سری کاربران ارزشی! ولی این حجم از توهین اونم توسط کسی که فکر میکنه اون عبا و عمامه براش حاشیه‌ی امن فراهم کرده قابل قبول نیست و باید با ادبیات خودش بهش جواب داد,0,neg,0.93766624,0.011910809,0.05042291,0,neg
خیلی جایه بدیه انقد بد که از نخبه تا ادم معمولی ارزوی رفتن به درگاهشو دارن . حتی شنیدم بچه های تنی چند از مسولین عرزشی هم اونجا با بدبختی زندگی میکنن . نمونه اخرشم همین دوست عرزشیتون بود که با چنتا توله و زن چادری همچین پسش فرستادن که جاش حالا حالا میمونه,0,neg,0.9539117,0.0090291975,0.03705914,0,neg
خیلی سعی می‌کنم تو مصاحبه آدم مثبت اندیشی باشم، روحیه تعاملی از خودم نشون بدم و آینده رو روشن ببینم. اما واقعیت اینه که فقط سعی می‌کنم.,0,neg,0.48970833,0.118716404,0.39157516,0,neg
زندگیم خلاصه شده تو یک چیز #تخمام #هه #کیر,0,neg,0.9733652,0.0065218583,0.020113064,0,neg
جانم فداي رهبر,2,pos,0.04242332,0.058645044,0.8989316,2,pos
فقط یه رفیق میتونه بشوره ببره درداتو باغت اباد رفیق,2,pos,0.34536144,0.14069752,0.51394105,2,pos
در هر کجا که باشیم فرق نمی کند که کی باشیم ولی همیشه باید در کنار انسانی باشیم که نیاز به کمک دارد او از این کمک ما دلگرم می شود و ما هم همراه با او می شویم این حس انسانیت ما را در این نبرد به هم نزدیک تر و متحد تر می کند #RaminHosseinPanahi pic.twitter.com/lIRLbulzyS,0,neg,0.45565206,0.12740828,0.41693965,2,pos
شاش قبل ازخواب موجب آرامش شاش بعدازخواب موجب سرحالی پس همواره بشاش به این زندگی که شاد زندگی کنی مثانه تان پرازشاش ، زندگیتان بشاش بخندو کپی نکن ...اگه برسه دست مکارم شاشیدن رو هم حرام میکنه سلام,2,pos,0.08136734,0.08459895,0.8340337,2,pos
خب دوستان میخایم تو توویتر معروف شیم. بریم سراغ مواد مورد نیاز: ممه دو عدد پر و پاچه به مقدار لازم عکس پروفایل شاخ یک عدد کافیه مواد رو با هم ترکیب کنید و 120 دقیقه در مجاورت پسر های هول قرار بدید #توویتر #شل_مغز,0,neg,0.87893623,0.021952523,0.09911121,0,neg
واقعا یه مشت دیوانه دور هم جمع شدن یکی از چیزایی که ازش میترسم اینه که فیلتر تویترو بردارن اونا بیان اینجا,0,neg,0.97450066,0.00615755,0.019341737,0,neg
کجات می سوزه از اینکه ایران به سمت روسیه وچین می رود ؟ چرا از این همه نقص عهد غربی ها فریادت بلند نیست ؟ مثل: لغو قرارداد برجام کرسنت پژو بویینگ ایرباس توتال بحث موشکی حقوق بشر دستگیری دیپلماتهادرهلند وآلمان چند گرفتی از غربی ها تاتوییت برضد منافع ملی بزن,0,neg,0.97344774,0.0062690377,0.020283256,0,neg
واقعا رهاسازی؟؟؟؟؟؟؟؟؟؟؟؟؟؟؟ یوتانایزش کنن شرافتمندانه تر نیست؟؟ گربه کور رهاسازی بشه که با زجر و ترس بمیره؟؟ بمیریم، منقرض بشیم که دنیا از رذالتمون راحت بشه. بشر نفرت انگیزترین موجود در تمام کهکشانهاست.,0,neg,0.9682183,0.006918643,0.02486301,0,neg
نامه نگاری برای رفع #فیلترینگ #توئیتر یا تمرکز زدایی از فیلترینگ #تلگرام ؟ یکی از تکنیک های روابط عمومی ، بزرگنمایی و تمرکز بر #خبر خوش برای به دست فراموشی سپردن خبر بد است. تکنیک دیگری هم هست که در آن بر یک خبر بد تمرکز میکنیم که اذهان از خبر بدتر دور شود.,0,neg,0.618768,0.0859885,0.29524356,0,neg
دقيقا بواسطه همين پشت گرمي همينطور عربده ميكشن، همشوووون، همشووون,2,pos,0.121600434,0.10381683,0.7745827,0,neg
امروز صبح نشستم وسط خونه و زار زار به خاطر اینکه کارهای فنی بلد نیستم و همه ی دستورات تلفنی صادره از جانب پدر و برادرمو رو مو به مو انجام میدم ولی باز به نتیجه ای نمی رسم، گریه کردم. #فنی #گریه,0,neg,0.9246529,0.014063678,0.061283443,0,neg
رفتم فیلم «عصبانی نیستم» رو دیدم شاید باید ولت کنم ، چون دوستت دارم یادته میکفتی کلی خواستگار پولدار داری؟ #استاد,0,neg,0.9548951,0.008891582,0.036213428,2,pos
هم اکنون کازرون. حمله امشب نیروهای سرکوب گر به ماشینها و موتور سیکلت های مردم. اول چک میکنند کسی نبینتشون بعد موتورارو پنچر میکنند. ۳۰ اردیبهشت #اعتراضات_سراسری #براندازم ویدیو و خبرهای تازه https:// t.me/rezashahbozoorg https://www. facebook.com/10000763825694 4/videos/2078476595750262/ …,0,neg,0.7998048,0.04364317,0.15655193,0,neg
#آمين #موفق,0,neg,0.6186063,0.082455866,0.29893786,2,pos
یاد و نام این بزرگمردی که تاریخ ایران به خود تا به حال ندیده است گرامی ، افسوس که هنوز هم بعضی از ما نمی دانیم او چه شخصیت والایی بود و هدفش برای ایران و ایرانی چه بود و عجیب تر اینکه هنوز هم بسیاری از ما نمی دانیم. عجبا از این بی لیاقتی ما از داشتن و حفظ یک چنین شخصیتهایی بی pic.twitter.com/RRnR3rzd2d,0,neg,0.6798175,0.06989568,0.25028676,2,pos
تمدنها را انسانهایی میسازند که از آنچه دارند خشنود نیستند و درپی تعالی هستند تمدن ها گفتگو نمی کنند،تعامل دارند,0,neg,0.641308,0.08088458,0.27780744,1,med
هر روز دنبال کس و کون جدیده بعد چسناله هاش توو اینستا مال ماست #جاکش,0,neg,0.9624462,0.0076605305,0.029893253,0,neg
بنده طرفدار اصل نظام هستم و خواهان اصلاحات در کارکرد مدیران آن.و معتقدم مشکلات کشور در داخل به دست خودمون حل میشه نه آمریکا و اسراییل یا مجاهدین خلق.اینا اگه غم مردم ما رو میخوردن هواپیمای مسافر بری رو روی هوا نمیزدن،دانشمندهای ما رو ترور نمیکردن،۱۷ هزار شهید ترور نداشتیم و...,0,neg,0.96925193,0.006723307,0.024024798,0,neg
"کارما دیگه از اینکه بشین ی گوشه غصه بخور و و اینور اونور چسناله کن گذشته ! مادیگه رگ گردنمون میزنه بیرون , فحش میدیم و یقه میگیریم !! #وحشی",0,neg,0.97431606,0.0064709005,0.019213013,0,neg
همه چیز به «اونها» مربوط نیست. بهرحال باید به مردم هم ایراد گرفت، مثلا وقتی این به اصطلاح خبرنگار تهدید می‌کنه، مردم باید خودشون جواب این گستاخی رو بدن. https:// twitter.com/mohammadmosaed /status/1001044528336322560 …,0,neg,0.90145415,0.022849055,0.07569675,0,neg
ننگ بر این تفکرت,0,neg,0.9694956,0.0065065394,0.02399795,0,neg
بالاخره بعد از یک دوره انتظار شیرین کتابم منتشر شد... ‌ سپاس از همه عزیزانی که در این مدت در کنارم بودند #کتاب #هفت_گام_تا_خوشبختی #مثبت _اندیشی pic.twitter.com/BKaODrvEfE,2,pos,0.07984939,0.0871481,0.83300257,2,pos
ناراحت کننده است ولی اینها برای دریافت پول بیشتر ( از حماس با پول دزدیده شده ملت ایران ) تمام اعضاع خانواده را به تظاهرات آورده اند ! ملت من در فقر و تنگدستی هر روز هزاران بار میمیرند . #غزه به جهنم بره حق شون همینه . بچه های خودمان برایمان بیشتر ارزشمند هستند. #ایرانی_به_پاخیز pic.twitter.com/S8DrbTTuFO,0,neg,0.7999163,0.04290065,0.157183,0,neg
وزیرخارجه میرحسین موسوی،مذاکره کننده ارشد قطعنامه ۵۹۸،وزیرخارجه رفسنجانی،حامی میر حسین موسوی در سال ۸۸،عامل اصلی برهم خوردن توافق هسته‌ای تهران در زمان احمدی‌نژاد. دیروز حامی اصلی برجام و امروز منتقد انقلابی برجام بزدلانی کز هراس ابتر شدند از بسیجی‌ها بسیجی‌تر شدند pic.twitter.com/jYj244tHVo,0,neg,0.69164205,0.06726272,0.24109535,0,neg
"""خودِ #زینب ، جدا کرده علمدارای این خط رو """"",0,neg,0.940085,0.011280063,0.048634876,1,med
مثبت اندیشی به معنیِ انکارِ مُشکلات و بدی ها نیست، بلکه توجه نکردن به آنهاست.,2,pos,0.42939147,0.13189523,0.43871328,1,med
يه كون دست عصا قورت داده دنده عقب اومد زد به گلگيرم :| حالا وسط اين همه گرفتاري،صاف كاري رفتن هم اضافه شد.,0,neg,0.95346034,0.008999707,0.037540004,0,neg
عساه مايحدر #زهرمار,0,neg,0.760912,0.047132354,0.19195564,0,neg
دو چشمِ مستِ مِیْ‌ گونت، ببرد آرام هوشیاران دو خواب آلوده بِرْبودند، عقل از دست بیداران #به_به #تریوله #چشم_مست,0,neg,0.74726355,0.05380146,0.19893499,2,pos
#خامنه_ای_دزد خنده های گاه گاهت خنده شیرین صبح کیسه کیسه پول ملت را بدزدی از شبی تا فجر صبح پشت دزدان جا دادی خان ملت را به ظلم ای که نفرینت بباشد ، از شبی تا فجر صبح,0,neg,0.55061615,0.10197818,0.34740573,0,neg
اونا همونایی هستن که اربیین میرن کربلا قاشق زنی هالووین شرکت می کنن جشن شکرگزاری میگیرن هفت آبان رو گرامی میدارن در عین اینکه از وجود خیابون کورش تو تلاویو یه لرزش افتخاری تمام بدنشون میگیره ولی میگن اسراییل باید نابود شه. و در ضمن امید بذر هویتشون است .,0,neg,0.6332785,0.08100126,0.28572023,0,neg
با شما موافق نیستم,2,pos,0.10258904,0.099317744,0.79809326,0,neg
پس جمع کنین این بساط پشت گرمی رو,0,neg,0.4401097,0.1275364,0.4323539,0,neg
حتی هوا برام ی بویی داره #حال_خوش,2,pos,0.12797551,0.11007258,0.76195186,2,pos
یک عده ادما هستن.سرتاپا ادعان ادعا شعور فرهنگ دارن یادنگرفتن توکارای بقیقه دخالت.نکن فک.میکنن قضاوت نمیکنن اما میکنن این ادما ترسناکن ترسناک,0,neg,0.97416455,0.006479767,0.019355634,0,neg
وقتی شما یه اتفاق خیلی بد براتون میوفته چهار مرحله سپری میکنید ۱-شوک و انکار ۲-خشم و اندوه ۳- سوگواری ۴-پذیرش و تطبیق,0,neg,0.68983537,0.06605229,0.24411227,0,neg
خوشبختانه. البته خیلی ها که این هشتگ رو حمایت میکنند خودشون قربانی نیستن، از افرادی که به هر شکل آزار و آسیب دیدن حمایت، پشتیبانی و همدلی میکنن.,0,neg,0.81805456,0.035035387,0.14691006,2,pos
قطعا به خاطر طبیعت هم که شده کاغذ دوستدار محیط زیست ولی تبلت با اون باتری و شیشه و برق مصرفی هرگز. خلاصه من چشام وقتی کاغذ رو لمس میکنم میبینه.,2,pos,0.30973023,0.1443658,0.54590404,2,pos
اگه تو مرا دوست داشتی، اینجا نبودم... جانی در تَنِ محبوس نبودم...,0,neg,0.5920901,0.09074358,0.3171663,0,neg
عزیزم!! لااقل چن جایی رو بزار که فقط خودت تو خونه ببینی‌... واقعا تو خونه چیو میبینی که ما نمی‌بینیم؟؟؟ (خطاب به مردایی که زنشون بدحجابه) #عصبی #شاید_موقت #پایتخت #لاتاری,0,neg,0.96850395,0.006779849,0.024716204,0,neg
بچه دوست قدیمی مون 11 سالشه مامانش داشت ب مامانم میگفت اره دیگه باید برای شمیم جهاز جور کنم -_- اووو کجا میری یره خواستگار کجا بود دلت خوشه,2,pos,0.2257439,0.1342809,0.6399752,0,neg
بله می بینم درخواستها رو. ولی نمیدونم چطوریه که بعضیا مشکل دارن بعضیا ندارن.بعضیا پول میدن بعضیا مجانی هم مشکلی ندارن.,0,neg,0.9509785,0.009494868,0.03952674,0,neg
سحر خیز باش تا کامروا باشی برای پولداراییه که میخوان برن ورزشگاه انقلاب تنیس بازی کنن ساعت یازده هم برگردن خونه نه ما که برای یه لقمه نون باید تا بوق سگ بدوییم,0,neg,0.8961881,0.01902801,0.08478398,0,neg
واقعا ما چه کرده ایم با دختران سرزمینمان که از سوار شدن در آسانسور با ما هم هراسان میشوند ؟ موجب شرمندگیست . حالا که حکومت در زمینه تعلیم و تربیت جنسی بیتفاوت و منفعل عمل میکند تنها راه ما همین گفتگو و آموزش در شبکه های اجتماعی و جمعهای دوستانه و خانوادگیست و,0,neg,0.7290827,0.057697885,0.2132194,0,neg
خیلی هم عالی و دلگرم کننده,2,pos,0.045776397,0.06062544,0.89359814,2,pos
هنوز مغزم نپذیرفته ک اومدم شمال دیگه.هی کلمو از پنجره میکنم بیرون میگم بــَه چه بوی شمال میاد و تا ساعتها شادم ^__^,2,pos,0.052081812,0.06495358,0.8829646,2,pos
من الآن واسه برادرزاده هام از اینجا لالایی بخونم حسابه؟ #دلتنگی,0,neg,0.9740993,0.006332754,0.0195679,0,neg
اشک مرد گریه مرد غم داره ، درد داره حالا فرقی نداره یه بچه ۷ساله باشه یا یه پسر ۲۰ ساله یا یه مرد ۵۰ ساله اشک مرد(غم)داره. #مرد #اشک #گریه,0,neg,0.96424407,0.0073652333,0.028390752,0,neg
بهم میگه یه سالی باهم رابطه داشته باشیم بعدش میام خواستگاریت، زرنگ این کلک ها واسه دختر 12 ساله کار سازه نه منی که خودم قول خواستگاری میدم :/,0,neg,0.8914769,0.019355848,0.08916723,0,neg
#خدایا_ظهور_امام_زمان_را_نزدیک_بفرما,2,pos,0.116795875,0.10780619,0.7753979,1,med
بخوابید تا کامروا شوید :],2,pos,0.04243805,0.059143275,0.89841866,2,pos
ی شرکتی کار می‌کردم.سطل آشغال نداشت توی دستشوییش. باید می‌رفتی دستشویی پارکینگ وقتی پریود بودی. شاید باورش سخت باشه اما آقایون به این شرایط اعتراض کردن. گفتن خانوما سختشونه.با این حال بعضی خانوما می‌گفتن خجالت می‌کشن از اینکه آقایون راجع به این موضوع حرف زدن. #بهداشت_قاعدگی,0,neg,0.94990754,0.0096819755,0.04041048,0,neg
در عقلانيت #صداوسيماميلى همين بس كه عزاى عمومى اعلام كرده نوار مشكى گوشه تصوير گذاشته، آن وقت طنز شبانه پخش ميكند !!! #آشغال #کشتی_سانچی #نفتکش_سانچی #سانچى,0,neg,0.9698238,0.0066218274,0.02355441,0,neg
همه مخالفان حکومتی ،حتی اگر مطلبی درموبایل علیه حکومت بنویسد زندانی میکنند،،در تظاهرات دی ماه ۱۳۹۶ و تظاهرات ۱۳۸۸ و تمام تظاهرات دیگر،،مردم را شدیدا کتک زدند،،گلوله مستقیم زدند.برخی از شدت کتک همانجا مردند،،برخی در زندانها شکنجه و تجاوز و بیمار روانی شدند،جنازه ها را میدزدند pic.twitter.com/eXgYbbeYZh,0,neg,0.9012142,0.022439623,0.07634619,0,neg
خب ترنس بشن،مگه چه عیبی داره؟ #کثافت_محض #زباله #لجن,0,neg,0.9743368,0.0062744278,0.019388843,0,neg
نه والا من خودم از جمله کسانی هستم که با مرده و زنده‌ی پدر دست به گریبانم و البته کماکان ناکام در گریختن از چنگ وی.,0,neg,0.9651892,0.0073317722,0.02747902,0,neg
کونونیسم خوبه! اونم ولایت معاش طرفدار این کسکشای عسلامیست! یه مشت کسخل طرفدار چارتا کسکش روس و چینی!,0,neg,0.6733013,0.071498066,0.25520062,0,neg
پاکستان زندہ باد افواج پاکستان پائندہ باد,2,pos,0.04362475,0.060349382,0.89602584,2,pos
خوب با برنداز‌ها حال میکنی‌، به هم تیکه میندزین، خخخخ. ما با اینها یه کم فرق داریم، با کسی‌ شوخی نداریم و تک تک شما‌ها را خواهیم کشت، کلاش و گوله‌هایش هم رسید، اگر عکس میخواهی‌ بگو هر #آخوند یک گوله هر #لباس_شخصی یک گوله تنها راه آزادی ایران، جنگ هست، فقط,0,neg,0.8390817,0.03326495,0.12765329,0,neg
#رهبرم_را_عشق_است,2,pos,0.37630513,0.13821433,0.48548058,2,pos
خامنه ای طوسی درمشهد رندگی میکرده هرهفته سری هم به تهران میزد که پیش خامنه ای میماند ولی خامنه ای دستور داد درپاسداران خانه برایش خرید که هروقت بتهران میامد خامنه ای میرفت پیش طوسی وشبا انجا میماند شما میدانید برای چی وچرا انقدر به سعید طوسی علاقمند وشبها پیشش میماند https:// twitter.com/bozorgariamehr /status/999730492638310400 …,0,neg,0.59101474,0.09237312,0.31661218,0,neg
تو که خواستگار نصفه شبی داری،سر صبحی داری! تو دیگه چرا؟؟,0,neg,0.71405864,0.05877238,0.22716902,2,pos
چرا هنوز افراد مزاحم و متلک پران و فلان و بیسار تو مترو و خیابون و کوچه و پسکوچه فکر میکنند ما عقلمون نمیرسه که بکشونیمشون به جلو نزدیکترین پلیس یا دادی سرشون بزنیم و اطرافیان رو متوجه این مزاحمت کنیم که حالشون رو یا جلوشون رو بگیره؟؟!! #عصبی #آخیش,0,neg,0.96450204,0.0074474555,0.028050505,0,neg
من دقت کردم هر وقت موقع چت/منشن از اموجی استفاده نکردم،بلا استثنا فکر میکنن دارم باهاشون دعوا میکنم:// واقعا چراااا-_-,0,neg,0.61619157,0.086177014,0.2976314,0,neg
لعنت بهتون :)))) نمیدونین چقدر دیدن اینکه چقدر عاشق همین و حالتون باهم خوبه به اطرافیان تون - که ما باشیم - انرژی مثبت و حال خوش میداد !؟ این جدایی تون واسه ما غیرقابل تحمله خدا به فریاد خودتون برسه,2,pos,0.1375532,0.11265042,0.7497964,2,pos
سیاہ ترین دورحکومت عبرتناک اختتام تک پہنچا تاجدارختم نبوت زندہ باد,2,pos,0.20912313,0.13407008,0.65680677,2,pos
#قربان_آن_شوم_که_تو_را_آفریده_است_رهبرم,2,pos,0.38959044,0.13962929,0.47078028,2,pos
نمیزاریم آب خوش از گلوی شما پایین بره #IranStrikes #IranRegimeChange,2,pos,0.066435166,0.075875215,0.8576897,0,neg
دومی رو داشته باشی اولی هم راحت بدست میاد #ژن_خوب,0,neg,0.67777336,0.06909132,0.25313523,0,neg
وزارت خارجه امریکا: کوریای شمالی در جریان سفر امروز مایک پومپئو به پیونگ یانگ، سه شهروند امریکایی را از زندان آزاد کرد. رییس جمهوری امریکا با قدردانی از رهبر کوریای شمالی رهایی شهروندان امریکایی را نشانه مثبت حسن نیت این کشور دانست https:// twitter.com/StateDept/stat us/994223652139913216 …,2,pos,0.212838,0.13901968,0.64814234,1,med
وقتی داداشت نیست حتی ساعت شروع فوتبالم نمیدونی #دلتنگی #دوری #فوتبال #تنهایی,0,neg,0.97388476,0.006391617,0.019723527,0,neg
خب باید به اون دختر آفرین گفت چون خلا عاطفی داره و از خانواده مستحکمی برخور داره آفرین به انتخابت,0,neg,0.51385295,0.11198983,0.3741572,2,pos
قهرمان من تویی کامیوندار درود بر شرفت #اعتصاب_کامیونداران #اعتصابات_سراسری #براندازم,0,neg,0.49438018,0.11750918,0.38811064,2,pos
#بیشرف,0,neg,0.9629633,0.0072506675,0.02978613,0,neg
خوبه چند ماه هم از حمله داعش به مجلس و حرم امام نگذشته #نمک_نشناس,2,pos,0.2177991,0.1327664,0.6494345,0,neg
پیروزی با قرآنه ! اینو نه خودش ، بلکه علم هم بهش گواهی داده !,0,neg,0.44703403,0.12752609,0.42543992,2,pos
خب مجبورن دقت کنن تا بتونن از امتحان مادر ها سربلند بیان بیرون,0,neg,0.84651697,0.027707744,0.12577535,2,pos
من از روزی که هوادار این تیم شدم فهمیدم همه اشخاص میان و میرن این پرسپولیسه که میمونه و در کنارش تمام کسایی که همیشه برای پرسپولیس افتخار آفریدن و باعث و سربلندیش شدن همیشه محبوب میمونن درخشان بود استیلی بود ژوزه بود دوره های سختی بود ولی همون روزا هم از هواداریش پا پس نکشیدم,2,pos,0.2993308,0.14413533,0.55653393,2,pos
تلگرام خود را آپگرید کنید. قطعاً خشنود خواهید شد .,2,pos,0.07082669,0.08140761,0.84776574,2,pos
"""جایی برای خودفریبی و مثبت ‌ اندیشی باقی نمونده. ما رسما"""" در «استبداد مطلق» زندگی می کنیم.""",0,neg,0.7090674,0.061998285,0.22893427,0,neg
خداوندا خانم مادر اژدهاها ر در نبردهای آتی موفق پیروز و سربلند بدار,2,pos,0.072052546,0.08175693,0.8461905,2,pos
نه غر نزدی داشتی مدح میکردی ببخشید من متوجه نشدم واقعا کمی تفکر لازمه برام,0,neg,0.65772516,0.073280655,0.2689942,0,neg
یا اکثر امامزاده ها,0,neg,0.7008268,0.062157802,0.23701547,0,neg
ي جاي قشنگ و خوش اب وهوا pic.twitter.com/Svtw3ycQeG,2,pos,0.042366873,0.059713505,0.89791965,2,pos
محبوبی که همیشه هواخواه دارد آیفون سال ۲۰۰۷ خلق شد. خالق این گوشی استیوجابز، مدیر عامل وقت ش... https:// bily.ir/rDoYmR https:// bily.ir/rDoYmR,2,pos,0.096488714,0.09799758,0.8055137,1,med
هر چند از نظر من بین شما عرزشیهای وحشی مواجب بگیر و دارو دسته حرومزاده مریم کجکی در خیانت به مردم و مملکت هیچ تفاوتی نیست،همه از هم کثیفتر و خودفروخته ترین، واز امروز به نشانه انزجار از وجودشماها، ورودعرزشیهای نجس رو هم مث مجاهدین منفور به بیوم ممنوع میکنم,0,neg,0.97350854,0.006266673,0.020224888,0,neg
#شریفی_نیا کدوی تنبل و بیسواد اگه بجای لودگی و بی غیرت بازی تو دمای 40 درجه نون بازوشو میخورد و مثل زالو خودش و خونوادشو با بیت المال سیر نمیکرد الان نمیشدیم اسباب خنده ی دختر عقب موندش... #ملیکا_شریفی_نیا #خایمال,0,neg,0.8986542,0.02044246,0.08090334,0,neg
برو بچه من از امتحان پاک تینتیم سربلند بیرون اومدم,0,neg,0.5218845,0.10958972,0.36852577,2,pos
به تعداد انسان های روی زمین راه هست برای رسیدن به خایه مالی. #مارمولک,0,neg,0.8998054,0.01816549,0.08202914,0,neg
خارجیا لامصبا برا انحرافات جنسیشونم اسم میذارن مثلا ترنس و هوموسک*شوال و اینا ولی ما تو فارسی به همشون میگیم کـ*ونی #کونی #جک,0,neg,0.9700837,0.006555663,0.02336053,0,neg
این سخن را عینا من نیز میتوانم خطاب به شمایی که امری چنین بدیهی را کتمان میکنید بگویم. جانب انصاف عزیز است فرو مگذارش.,2,pos,0.29962054,0.14462683,0.5557527,0,neg
دلم سالسا خواست یهو :)) #رقص #خوشی,2,pos,0.048126,0.06117349,0.8907006,2,pos
چالش #شعر میذارم ببینم چند نفر پایه میشن با #دود بر سر آتش تو سوختم و #دود نکرد آب بر آتش تو ریختم و سود نکرد آزمودم دل خود را به هزاران شیوه هیچ چیزش به جز از وصل تو خشنود نکرد #مولانا,0,neg,0.93298954,0.0127067845,0.054303642,1,med
مرگ بر ضد ولایت فقیه .مرگ بر آمریکا .مرگ بر اسراییل .,0,neg,0.66702825,0.073539585,0.25943214,0,neg
اول ازدواج کن حالا، چه عجله ای داری. دیروز داشتی عروسی میکردی که,0,neg,0.7829863,0.042925857,0.17408785,0,neg
میگویند به قدری آنجا را به تعفن و کثافت کشیده ام که دیگر نتوانستند بمانند. به راستی که #سوسول و #بی_عرضه اند #همیشه_حق_با_من_است #بیشعوری,0,neg,0.9737688,0.0061514853,0.020079827,0,neg
مقام قضایی اعلام کرد ۱۸ نفر در پرونده سکه و ماشین دستگیر شد خب آخه اگه به دستگیری باشه خودتو که از همه زودتر باس دستگیر میکردی #بی_ناموس #سوت_بلبلی #لومپن,0,neg,0.9744106,0.006683002,0.018906526,0,neg
وقتی یه مطلبی واسه توییت بفکرم میرسه اینقدر دستپاچه تایپ میکنم کلی کلمه جا میندازم بهرحال ببخشید دوستان,0,neg,0.7086373,0.06073528,0.2306274,1,med
وقتی در من انگیزه را بکشی وقتی شور و هیجان را از من بگیری جای اون همه قدرت ،ضعف میاد جا شو میگیره دیگه شب روز برات مهم نیست دیگه به صدای قلبت اهمیت نمی دی دیگه نمی خوایی زنده بمونی تنفس مشکل نور اذیت تاریکی ترسناک میشه.....,0,neg,0.9741476,0.0061982796,0.019654052,0,neg
"""وزير داخله با بسيار افتخار و سربلندي در فيسبوكش نوشته: """"ما به ترورستان جواب دندان شكن داديم."""" سخنگويش نيز در يك نشست خبري پس حمله: """"ما خواب تروریستان را پراندیم که دیگه بالای جایی مثل وزارت داخله حمله نکنند."""" اينكه ترورستان در بيخ گوش شان رسيده هيچ مهم نيست. بي شرمي تا اين حد!""",0,neg,0.9449261,0.010672722,0.04440126,0,neg
بله که میشه. خود من اول ازدواج حاج ایا گفتن عدس پلو بار بزار عدس خام رو با رنج پختم سر سفره گفتن اشکال نداره ساندویچ هم خوشمزه است ولی ۳ روز مهلت میدم عدس پلو مجلسی یاد بگیری,2,pos,0.21357577,0.13558327,0.65084106,2,pos
#دمت_گرم جدی,0,neg,0.6563467,0.07358646,0.2700668,2,pos
وسط روز هیچ‌وقت زنگ نمی‌زنه. از بس نمی‌زنه، یک‌بار حین نهار زنگ زد؛ ترسیدم و به‌هراحتمالی فکر کردم. فقط شب، بعد از غروب آفتاب تا قبل از ساعت یازده.,0,neg,0.96332186,0.007552562,0.02912554,0,neg
متاسفانه در جامعه‌ای زندگی می‌کنیم که دیگران هم در اون زندگی می‌کنن. #متاسفانه #جامعه #زندگی #متاثر,0,neg,0.9715261,0.0063266233,0.022147337,0,neg
#زیباترین_رهبر_دنیا,2,pos,0.2635962,0.13885115,0.5975526,2,pos
در کشوریکه از آغاز ماه رمضان الی ختم اش فقط خونریزی و نا امنی باشد عید چی لذت خواهد داشت !!,2,pos,0.20791192,0.13168636,0.66040176,0,neg
و البته اندیشه و عقیده ای که باب میل جمعی نیست و مخاطبان نسبت به اون عکس العمل نشون میدن هم کاری به حکومت نداره اگه بنا به دمکراسی و مردمسالاری هست که در دیدار مردم نظر خودشون را در خصوص سران فتنه با اون شعارها رسوندند,0,neg,0.66596526,0.07266719,0.2613676,1,med
آنچنان in to me بود که اگه فقط سر کوچیکی به نشونه موافقت تکون داده بودم، الان از محضر برگشته و سر خونه زندگیمون بودیم #دیت #خوشی,0,neg,0.55191123,0.10170591,0.34638292,2,pos
"""چقدر غم انگیزه اونجایی که دوتا مرد برای تخریب همدیگه از لفظ زن"""" استفاده میکنن...فیلمی رو دیدم که دو نفر سر یه بازی فوتبال رو برد و باخت شرط بستن و هرکی شرطو میباخت باید آرایش میکرد #زن #تبعیض_جنسی #تلخ #مرد_نامرد""""""",0,neg,0.97432184,0.006658665,0.019019477,0,neg
یه لوزر بزرگ و بدبخت بدبخت بدبخت #بدبخت,0,neg,0.92573315,0.013478352,0.060788535,0,neg
نه واقعا. تو ایران کلا همه‌چیز دگرگونه شده، بوی تعفن همه‌جا رو گرفته... منشن به جهت عرض ارادت بود، قصد نداشتم خاطرتون مکدر بشه.,0,neg,0.8741803,0.022823589,0.10299614,0,neg
کو گوش شنوا #اصلاح #کثیف #آینه,0,neg,0.97011423,0.0065211584,0.02336454,0,neg
تصاویر | ادامه انفجارها در آتشفشان هاوایی و پیش‌روی مواد مذاب https:// bolorak.ir / تصاویر-ادامه-انفجارها-در-آتشفشان-هاوا/,0,neg,0.5106129,0.115764275,0.3736229,1,med
يه عده تغيير نظام يه عده عاشق نظام من كجام اينجا زور نزنيد ناراحت نشيد شادم نشيد فقط مطالعه سر عقلتون مياره,2,pos,0.12264356,0.10939524,0.76796114,0,neg
#روحانی_ببخش_که عصر جمعه ترین دوشنبه رو میگذرونیم #دلتنگم,0,neg,0.93398285,0.012469284,0.053547915,0,neg
علی علیپور یه جور با استوک رفت تو صورت بازیکن پدیده که حداقل 3 جلسه محرومیت داشت ولی داور کارت زرد داد بهش.چند دقیقه بعد هم اولین گلشو از نقطه پنالتی به ثمر رسوند.قضیه تکراری چند فصل اخیر فوتبال ایران.دیگه عادی شده! #پرسپولیس #لجن,0,neg,0.8270426,0.03553753,0.1374198,0,neg
والا همین بچه های صنعتی دقیقا یکسال پیش برای حرفای ابکی زیباکلام و رامین کلی کف و سوت زدن ....حالا دیگه این یذره تحلیل ابکی من که چیزی نیس :))))),0,neg,0.83576244,0.034558304,0.12967925,2,pos
خیلی وقت بود یادم رفته بود...این هشتگ یادم انداخت که چقد دارایی دارم... #لحظات_خوب #خدایا_شکرت,0,neg,0.8305664,0.031514943,0.1379186,2,pos
سخت مادرم رو با صورت زرد و رنگ پريده و موهای ریخته ببینم ولی بهش لبخند بزنم بگم خیلی سرحالى ... ولی میتونم بفهمم هیچ چیز در زندگی جدی نيست..!,0,neg,0.59426373,0.08962195,0.3161143,0,neg
وحشت رژیم آخوندی از مجاهدین : سایت حکومتی باشگاه خبرنگاران جوان: «مجاهدین» همواره به دنبال ضربه زدن به جمهوری اسلامی بوده است! دولتمردان آمریکایی همواره «مجاهدین» را به عنوان ظرفیتی قابل توجه قلمداد می‌کنند!,0,neg,0.56259155,0.10029806,0.33711037,1,med
دوستام استانبولن الان 2هفتس تا هفته دیگه هم میمونن. همش ویدئو کال میدن فحش میدن که پاشو بیا،از 24 ساعت راحت 8 ساعت با من در حال ویدئو کالن و دل منو میسوزونن,0,neg,0.9588006,0.008207444,0.032991998,0,neg
برم بخوابم که صبح واسه تظاهرات سرحال باشم [ قمه رو زیر بالشتش میذارد ],0,neg,0.8390182,0.029704183,0.1312776,2,pos
من تا اینجاش متوجه شدم تو ۴۰ساله ج.ا افتخار داشتیم تو این ۴ساله دادیم رفته درجهت آگاه سازی احاد ملت اگه میشه افتخاراتو بگین لااقل بدونیم چیه یکی گفت بتونیم بگیم والا به قرعان,2,pos,0.42380378,0.13359515,0.442601,0,neg
خخخ بابا شما عرزشیا دیگه آخرشید! رو رو برم زدن کوتلتتون کردن الان بازم گوه میخورید! هنوز دارید سعی میکنید جنازههاتون رو از کف پایگاههاتون با کاردک جمع کنید موفق نشدید گویا! باز گوز گوز میکنید!! به خود ارضاییتون ادامه بدید!! #انتقام_بگیرید #اقتدار_پلاستیکی,0,neg,0.96556294,0.007279896,0.027157197,0,neg
نه. اینجا خیلی‌ها حتی باخودشون فکر میکنن طرف الکی حلقه پوشیده که براش خواستگار نیاد!,0,neg,0.8590986,0.025558164,0.11534319,0,neg
واقعا نمیدونم این فالو و انفالو چقدر اهمیت داره ک دوستان اینقدر بزرگش میکنن!! هرکی میتونه یکی رو فالو کنه یا انفالو..به هر دلیلی..ناراحتی و توهین چرا؟!,0,neg,0.8737746,0.023282671,0.1029427,0,neg
خب خدا که فقط خدای آدمهای خوب نیست خدا، خدای آدمهای خلافکار هم هست. و فقط خود خداست که بین بندگانش هیچ فرقی نمیگذارد... #دیالوگ #مارمولک #فیلم #ماندگار,2,pos,0.3005725,0.14393367,0.5554938,2,pos
اولا شماها و همفکراتون بااین سیاست های غلط لیبرالی مردم روتوتنگنا قرار دادید ثانیاشما ها چه میدونید مقاومت چیه شما ها چه میدونید نهضت جهانی اسلام چیه؟ ثالثا پاتو ازگلیمت درازتر نکن #داعش_وطنی #وطن_فروش #بی_غیرت,0,neg,0.97444296,0.0062120203,0.01934503,0,neg
در جغرافيا يى كه هرروز به ارزش انسانها، به عقيده ى آنها تجاوز مى شود، به فرزندانش هم رحم نمى كنند. اين نه تنها يك مشكل حكومتى است اما در عين حال يك معضل اجتماعى هم است . #تجاوز_به_دانش_آموزان #تجاوز,0,neg,0.9106705,0.016513962,0.072815485,0,neg
توصیه میکنم به جای انتظار مجاز آهنگ شیدا از عارف گوش کنید حتما! “چقدر سفیدیا قشنگن یادشون میکنیم اگه بشینی بام از اول زندشون کنیم چه پیر شدی چند تا بچه دارم لباشون کشیدست وقتی رد میشن از کنارم خوشحالن تو چی ؟ من که شادم هنوزم به فکر اون کهکشانم که بزرگ ترین ستارش تو بودی...”,2,pos,0.06531404,0.07355382,0.8611322,2,pos
پیروزی بزرگ برای جنبش #metoo : واشنگتن اولین شهر جهان که بودجه‌ای برای یک راه حل جامع و غیر کیفری برای آزارهای خیابانی اختصاص می‌دهد. ما به جای گشتن به دنبال مقصر بر روی آموزش سرمایه‌گذاری می‌کنیم که این امر واشنگتن را جایی امن‌تر برای همه خواهد کرد. https:// twitter.com/thejessicarave n/status/1001542555618758656 …,0,neg,0.6072806,0.09039415,0.30232525,1,med
میدانی و کاری نمیکنی قلبمان را بیشتر به درد می اورد دولت و ملت گوشت و استخون هستن داره از هم جدا میشه ایران شادم ارزوست #Taheri_movement,2,pos,0.05220121,0.066182576,0.8816162,0,neg
روزهای خوب به تو شادی میدهند روزهای بد به تو تجربه! وبدترین روزها به تو درس میدهند پس هرگز... هیچ روز از زندگیت را سرزنش نکن,2,pos,0.1445325,0.11518127,0.74028623,2,pos
نگات وقتی که خوشحالی وقتی توی این حالی اینجور که سرحالی میخندونه تا چشمام تورو میبینه و مهرت تو این سینه و میشینه و دیگه حرفی نمیمونه,2,pos,0.25225717,0.13802344,0.60971934,2,pos
با شما نبودم، با اون دوست عزیزی بودم که آیدی تلگرتمش رو گذاشته بودن. سپاس از لینکی که به اشتراک گذاشتین,2,pos,0.04892012,0.063726164,0.8873537,2,pos
شادم که به هر حال به یاد توام اما خون می خورم از دست تو و باز غمی نیست #فاضل_نظری,2,pos,0.05418962,0.06744435,0.878366,2,pos
با سپاس از @LonelyStig برای این طرح بسیار زیبا #IranStrikes https:// mobile.twitter.com/lonelystig/sta tus/1001945561996713984?s=12 …,2,pos,0.05946491,0.0761218,0.86441326,2,pos
میخوام بزنم تو کار تولید فرغون، چندوقت دیگه که ملت میخوان با فرقون پول ببرن نون بخرن پول خوبی به جیب میزنم.,0,neg,0.76137376,0.047817685,0.19080858,0,neg
دقیقا باهات موافقم ، اگر تجاوز بوده واقعا سکوت در برابرش مجرمانست,0,neg,0.9267822,0.013378923,0.05983891,0,neg
تو هم #گه_نخور #گه,0,neg,0.9735029,0.0062829284,0.020214135,0,neg
#عشق❤,2,pos,0.1522471,0.14334688,0.704406,2,pos
من ندیدم هیچ وقت. البته تربیت دانشگاهی آدم رو تو شبکه‌های اجتماعی کج خلق می‌کنه. (چیزی که در خودم دیدم) اما نه تا این حد که تحقیر.,0,neg,0.92287976,0.014144399,0.06297583,0,neg
چطورین #ارزشی ها قدم به قدم سنگرهاتون داره فرو میریزه،البته ما قصد حمله و پیشروی نداریم فقط کار خودمون رو میکنیم، #تلگرام برای مردم موند @azarijahromi شما که طرفدار از کار انداختن #فیلترشکن ها بودی هم حواسمان بهت هست https:// twitter.com/Roozarooznews/ status/997732727171502080 …,0,neg,0.87084514,0.028196821,0.10095804,0,neg
نمیدونم مطلع هستید یا نه، ولی خیلی کارخانه های کاشی و مصالح ساختمانی محصولاتشون رو در کارخانه دپو کردند به امید فروش به عراق و سوریه برای بازسازی بعد از داعش. از دست دادن این دو بازار ورشکستگی به بار میاره برای این افراد که آخرین امیدشون به همین بوده,0,neg,0.7828465,0.04353471,0.17361884,0,neg
همه#ZarifIsALiar دیوانه ها عاقل شدن همه دشمن ها دست دوستی دادن اما مسئولین ج ا روزی نیست کشوری رو به لیست دشمنان ما اضافه نکنند رهبران دو کره در دهکده دوستی درختی رابرای نماددوستی دو کشورکاشتند دست دوستی دادند تا شیش ماه پیش نزدیک به جنگ بودند کشورهای دوست ج ا همه درگیر جنگ هستند pic.twitter.com/R05sHnGWkq,0,neg,0.7359102,0.057825305,0.20626448,0,neg
"""کدام خبر گزاری رو دنبال میکنی شما؟ مرکل که خودش به ترکیه تانک میفروشه از جنایت های اردوغان شاکی شده و صداش در اومده",0,neg,0.97322875,0.0061898828,0.020581331,0,neg
-نوشته به #زلزله زدگان مناطق #سنی_نشین کمک نمیکنند عوضش برید به فلسطین کمک کنید! +خب #مزدور با نشر اکاذیب میخوای دعوای #شیعه_و_سنی بندازی چرا اسم کشوری رو میاری که سنی مذهب هست؟,0,neg,0.97386986,0.006163934,0.019966228,0,neg
ریاست محترم جمهور @Rouhani_ir لطفا در این فرصت ویژه گفتگو با مردم صادق، شفاف و‌ با صراحت سخن بگویید و البته غیر تکراری؛ #مردم اینروزها #امیدواری لازم دارند. #مردم_باید_بدانند #روحاني,2,pos,0.23017393,0.13997753,0.6298485,2,pos
مراقب باش اين حس انزجار به فرصت طلبا چراغ سبز نده,0,neg,0.4710511,0.121285126,0.4076638,0,neg
همین #دختران_انقلاب فیتیله جنبشی هستن که شما رو لنگ در هوا خواهد کرد بدون شک. همه میدونن هشتگ #دختران_پنجاه_هزار_تومانی از ترس خشتکِ مبارکتونه و زمانی که دونه دونه از تو لونه موش دراوردنتون اون موقع هشتک #انقلاب_پنجاه_هزار_تومانی زده میشه و همه میفهمن که هیچ پُخی نبودین,0,neg,0.9747353,0.0062841307,0.01898066,0,neg
ناراحت نیستم عزیزم، مثل اون آهویی که از دست یوزپلنگ فرار کرده شادم :)))),2,pos,0.04609627,0.061394572,0.89250916,2,pos
هر وقت میخوام خودکشی کنم به ناراحتی مادرم و آواره شدن گربه ام فکر می کنم و با اوقات تلخی منصرف میشم. #افسردگی,0,neg,0.94606984,0.010220785,0.043709405,0,neg
در راستای دستیابی به بلندپروازی های آتی عربستان، طرح هایی با عنوان «چشم انداز 2030» مطرح شده که شامل تمرکز بیشتر بر فناوری است. توسعه شبکه ای از مراکز داده به عنوان چهارچوب اولیه برای دست یابی به این اهداف به حساب می آید. #Iran #تکنولوژی #عربستان_سعودى #دشمن_خانگی,0,neg,0.4436321,0.1310895,0.42527843,1,med
جااانم اقاروووو,2,pos,0.067746565,0.078092285,0.85416114,2,pos
بزن باران که شایدگریه ام پنهان بماند.. بزن باران که من هم ابریم بزن باران پرازبی صبریم...بزن باران...به دادمن برس... #دلتنگی,0,neg,0.9708201,0.006421222,0.022758663,0,neg
چرا باید ترکها از کشوری که قرنها یک سلسله ترک توش حکمران بود بخوان جدا بشن،به عنوان یک ترک هیچ ذهنیت بدی نسبت به پهلوی ها ندارم البته طرفدار پادشاهی هم نیستم فقط خواستم بگم این مسئله جدایی خواهی ترکها یک داستان اغراق شده است. اکثریت ترکهای اینجا ایران رو کشور خودشون میدونن,0,neg,0.9558302,0.008823887,0.035345886,1,med
به مناسبت سال سگ. دوتا سگ در زندگی من اهمیت داشتن . اولی شیلا بود که دوست دوران کودکی بود و جنگ ما رو از هم جدا کرد. دومی میلو سگ تن تن بود که از همان دوران پایه گذار تخیل بی حساب و کتاب و بی پایان زندگی من شد. یادشان گرامی . pic.twitter.com/8xKUyxNH4T,0,neg,0.45762408,0.12714832,0.4152276,2,pos
ناگشته من از بند تو آزاد بجستی ناکرده مرا وصل تو خشنود برفتی آهنگ به جان من دل سوخته کردی چون در دل من عشق بیفزود برفتی #دلتنگی,0,neg,0.9423942,0.010926002,0.04667985,0,neg
#اسپانیا‌_مُرد_تا_بُرد از بازي انشب يه درس گرفتم! ممكنه ببازي اما تو قلبت برنده اي! پس با تمام وجودت بجنگ تا خودت بدوني برنده اي! #نسل_ما #ما_ميتوانيم راستي شك ندارم پرتغال رو ميبريم و از اين گروه بالا ميريم!,0,neg,0.9576064,0.008512271,0.0338814,2,pos
وقتی کسی باشه که بهش وثوق کامل دارم بله,2,pos,0.07368017,0.08299877,0.843321,1,med
ننگشون باد،احتمالا اونجا داره جهاد نکاح میکنه،این جمله ی کثیفش،از دهان یه ایران بانو درنمیاد،اینم تخم عربه،مشغول جهادت باش #کثافت_کلمه #حرومزاده,0,neg,0.968793,0.006777101,0.024429834,0,neg
خروج #ترامپ از #برجام تاثیر چندانی بر اقتصاد ایران نداره چون دلار از این گرونتر نمیشه.درعوض دست #ایران باز میشه که برنامه هسته ای رو با سرعت ادامه بده.دنیا هم میدونه که ایران حسن نیت نشان داد و #آمریکا خلف وعده کرد.,0,neg,0.937381,0.01183103,0.05078784,2,pos
ولی این موقع شب معمولا خیلی سخت و طاقت فرسا میگذره. خیلی فکرمیکنم چون,0,neg,0.9711266,0.0064056437,0.022467805,0,neg
هوای آسمان دلهامان گرفته، ولی بی بارش است، هوای آسمان کشورمان آفتابی و کیریست!!! #هوای_گرم #هوای_کیری #حال_بد,0,neg,0.86284435,0.024952933,0.11220281,0,neg
شریفی نیا تو رسوایی 2 دقیقا نقش خودشو بازی میکنه نمکی بهش گفته نمیخاد کاری کنی فقط خودت باش #لاشی,0,neg,0.9532042,0.009317317,0.03747852,0,neg
جای این مزخرفات یکم به فکر مردم باشید و بترسید. واقعا با فیلترینگ تلگرام چه راهی رو پیش بردید!؟ #بی_عرضه #ترسو #دیکتاتور_شمایید,0,neg,0.97402745,0.006184007,0.01978857,0,neg
تو خارج کنار دوستان 5+1 حال میکنید هااا هی بدین بره ، همه رو بدین بره #بیشعوری #بی_شرفا #استیضاح #ایران #براندازم #اصلاح_طلب #حسن_روحانی #احمق_ها #بی_غیرت #عراقچی #ظریف #اصلاح_طلبان #لیبرال #رفیقم_کجایی #رفراندوم_ازاد #برجام #با_شماییم #با_فریدون #جاسوس #,0,neg,0.97467434,0.0062470953,0.019078515,0,neg
جالبتر اینه که ینی یک کدوم از بازیگرای قلاده با اعتقاد بازی نکردن،همشون گفتن بعد از مدتها بیکاری بهمون پیشنهاد کاری شد پذیرفتیم ،خب اخه دیگه ازین ضایعتر؟,0,neg,0.942619,0.010986522,0.046394397,0,neg
تا ی هفته سرحالی,2,pos,0.3165089,0.1410289,0.5424622,2,pos
اينكه اينقد نگاه سكسيستى و جنسيتى دارين واقعا ناراحت كنندست. #سكسيسم #جنسيت #تاسف,0,neg,0.97372425,0.0063538793,0.019921998,0,neg
خانم #مریم_رجوی ، رئیس‌جمهور برگزیده مقاومت #ایران ، روز سه‌شنبه با ستودن #اعتصاب بازاریان و کسبه شهرهای مرزی عموم #جوانان را به شرکت و حمایت از این اعتراضات فراخواند و خواستار آزادی سریع بازداشت‌شدگان شد. دبیرخانه شورای ملی مقاومت ایران ۳۰فروردین ۱۳۹۷(۱۹آوریل ۲۰۱۸) #براندازم pic.twitter.com/pA6PoeK2XC,2,pos,0.30521482,0.1474204,0.5473648,1,med
معتمد آریا امتحانشو پس داده اگه نمیرفت وضعش بدتر میشد دومن بقیشون هم منافعشونو رو مهمتر از مردم میدونن نوبت ما هم میرسه چطوره اگه تو جایی خواستن صحبت کنن این اعتراضو نشون بدیم #اعتصاب_سراسری #نوبت_ایران_فرارسیده #علی_نصیریان,0,neg,0.9556757,0.008872391,0.035451863,0,neg
مگرهرکی تاریخ کشور وجهانرا یادآورهمگان شد،و گوشزدکرد،تالغزشهای سخت گذشته بازآفریده نشوند، پشت گرمی اش به انگلیس،روس،چین،آمریکاوفرانسه است!؟,0,neg,0.8122815,0.036101174,0.1516173,0,neg
من نه #برانداز ام نه #ارزشی .من #اصلاحطلب و حامی #اصلاحات ام. #ایران وطن من است وبرای سربلندی کشورم از هیچ تلاشی دریغ نمیکنم.اگر انتقاد میکنم دلسوزم،اگر اعتراض میکنم نگرانم،اگر مطالبه میکنم ایرانی‌ام! من هواخواهِ منشِ #خاتمی و دلبسته‌ی مسلکِ #میرحسین و حامیِ رییس‌جمهور #روحانی ام.,0,neg,0.9399859,0.011295794,0.04871832,2,pos
"حالا چرا قرقره میکنی؟! از یک منظر علی رغم آکبندبودن مغزت, شما راست میگی! واقعا هرجا اسلام واقعی باشه کشتار بیشتره و مسلمانان واقعی رو قتل عام میکنن! نمونه بارز اسلام واقعی 14 معصوم هستند که سرنوشت 13تای اونا با بدترین شهادت گره خورد! اسلام واقعی همیشه مظل",0,neg,0.9730358,0.0062528276,0.020711398,0,neg
نمیشود هم دنبال توسعه بود و هم جامعه را کنترل کرد. اگر برای کارهای بانکی تکنولوژی را وارد مملکت کردید این تکنولوژی خود به خود چیزهای ناخواسته ای را هم وارد مملکت میکند. ارتباطات یعنی آگاهی نسبی جمعی. آگاهی ای عمیقی نیست ولی کفایت میکند تا مردم بفهمند حکومت ایدئولوژیک ناکارآمد است,0,neg,0.94872326,0.010008995,0.041267723,1,med
سلام روحیه خوبی دارید.برایتان سعادت و سرافرازی و سربلندی آرزو دارم,2,pos,0.04141479,0.058598824,0.8999863,2,pos
هر روز دارید غیر قابل تحمل تر میشید,0,neg,0.6217632,0.08293966,0.29529715,0,neg
دختر عمو: با ادب مهربون ناز و قشنگ هستش دختر خاله : #جنده است,2,pos,0.10265497,0.09772794,0.79961705,0,neg
عزیز دل مایی شما,2,pos,0.044985145,0.05962339,0.8953914,2,pos
من تو این دخمه شادم چون تو منو هل دادی توش,2,pos,0.04215835,0.05759895,0.9002427,2,pos
لازم نیست اینقدر به خودت لعن بفرستی بزرگوار #دروغگو #پوچ_اندیش,0,neg,0.92993265,0.012940001,0.057127375,0,neg
چه حس خوبیه این عکسهای رومانتیک اینستا رو میبینی بعد خاطره‌های مشابه داری: عه! ما این کار رو کردیم، عه! اونجا بودیم، عه! عین خودمون #خوشبختی,2,pos,0.38802078,0.13651612,0.47546315,2,pos
دارید فتوای مراجع را نقد می‌کنید؟ موضوع من این نیست. من می‌گویم چرا روحانی در مورد این موضوع سکوت کرده و در پشت پرده دنبال نظر مراجع است. چرا رو بازی نمی‌کند و می‌خواهد بحث را به چند ناسزا تقلیل بدهد. همان ناسزا هم راه حل دارد، ولی روحانی می‌خواهد فقط حرف بزند و کف و هورا بگیرد.,0,neg,0.9515178,0.009567084,0.038915083,0,neg
حالا کف و دست زده یا هورا . ولی جدی این با خودش چند چنده,0,neg,0.92681754,0.013368795,0.05981362,0,neg
خوب بازي كرديد،ولي در جريان باش قويترين #ليورپول يه دهه قبلتون مقابل يكي از ضعيف ترين #رئال هاي قبل بازي ميكرد،اتفاقات فوتبال غير قابل پيشبيني هست،راموس بد زد بحث عمد و غير عمد نيست،حركتش ناجوانمردانه بود،اين قهرماني منو خوشحال نكرد،فقط از كون سوزي بارسايي ها و سيتي فنا شادم https:// twitter.com/samlfcc/status /1000480964873736192 …,2,pos,0.32064983,0.14425942,0.5350907,2,pos
عالی فرناز همه چی خوبه بی تابیاتو میخونم خستگیهاتو خودت خوبی سرحالی,2,pos,0.062023398,0.070357986,0.8676186,2,pos
روحش شاد مردم قدردان خوبان خود خواهد بود وفردا از هنرمند مردمي خود بخوبي قدرداني ميكند بع اميد ديدار عزيزان كه بدرقه باشكوهي از هنرمند فقيد خود بكنيم,2,pos,0.052498206,0.066482425,0.88101935,2,pos
جرات داري در مورد فساد حرف بزن. #چاقال,0,neg,0.9624864,0.0074981567,0.03001541,0,neg
حرف شما بالنفسه کاملا متین، و البته شخصا افتخار میکنم شما در این فضا حضور دارید و تااین حد نسبت به نظرات متفاوت بااحترام برخورد می‌کنید، منتها بحثم اینه که شانیت شما اجل صرفا انعکاس مقالات است. ‌شما خودتان منبع خبرید، توییت‌های شخصی شما اگر بادقت زده شوند خبرساز می‌تواند باشد...,0,neg,0.5192139,0.111290894,0.36949518,2,pos
هیچ‌وقت انقدر از گرما وحشت ‌ زده و فراری نبودم که امسال.مال سن و ساله یا صبر و تحمل یا چی؟,0,neg,0.9724171,0.0062362724,0.021346532,0,neg
با اصحبتهای مستند شما متنبه شدم معین جان. ان شا الله روزی فرا برسد که همه قدردان روحانیت باشیم. آری‌ به امید آن روز,2,pos,0.15429004,0.12163057,0.7240794,2,pos
#علیرضا_کریمی ، که تو بازی‌های جهانی امیدها قهرمان نشد اما نشون داد پهلوانه، امشب قهرمان آسیا شد :) قهرمانی‌ت مبارک,2,pos,0.24874867,0.1413298,0.6099216,2,pos
چقد بده که به ثانیه نکشیده توییتات از ذهنت پر میکشن و محو میشن #عصبانی,0,neg,0.9688373,0.006732215,0.02443051,0,neg
در هر صورت علاقه اي به ديدنش نداشتم اونجا، ولي خوب هايدگر هم طرفدار نازي بود، اما چيزي از بزرگيش رو كم نكرد. اين خاصيت انسانه، پر از اشتباه و در عين حال بزرگ,2,pos,0.29574695,0.14310668,0.5611464,2,pos
بله دقیقاً همین‌طوره که می‌فرمایید؛ و در حسن نیت و مسئولیت‌پذیری ایشون شکی نیست؛ ولی نظر شخصی من اینه که سنجیده عمل نشده. متأسفانه وقتی بستر مورد مطالعه قرار گرفته از سوی چندین روان‌شناس و... و تدوین شده وجود نداره، گاهی اقدامات سلیقه‌ای و شخصی این‌چنینی می‌تونه به مراتب تبعات,0,neg,0.8914422,0.019876115,0.088681795,0,neg
داش علي منصور! متشكريم كه يه ركورد جانانه تو آسيا برامون ثبت كردي اخه لامصب شش تا رو چجوري خوردين #استقلال_العین #منصوريان #افتضاح,0,neg,0.8790816,0.022539195,0.09837914,0,neg
وحید شریعت فاجعه تاریخی رو یادته؟ داره به جاهای خوبش میرسه! https:// freudianassociation.org/?p=36844 #Internet_For_Mitra_Now #اینترنت_برای_میترا,2,pos,0.25308362,0.1440164,0.6029,2,pos
بعید میدونم شما حافظ قرآن باشید!! که از درک مبانی اولیه بی بهره اید. #احمق #عالم_بی_عمل #نشخوار,0,neg,0.9739343,0.006168879,0.01989688,0,neg
وقتی باور داشته باشی قرآن کلام خداست؛ یعنی خداوند و یگانگی اون،معاد و روز حساب، پیامبر و رسالتش وخیلی چیزهای دیگر رو پذیرفتی یعنی پذیرفتن هر کدام نشان از پذیرفتن خدای یگانه داره. حالا چرا باید برای امر کرده ها و نهی فرموده های همچین خدایی( بلند مرتبه! و بی نیاز) دلیل نیاز باشه؟!,0,neg,0.643685,0.07898167,0.2773334,1,med
یه ضلع سوم هم داره‌، مظلوم نمایی و من چقدر بدبختم: عزیزم تو چه قدر خفنی، من چه قدر بدبختم (خودش را به وی می‌مالاند),0,neg,0.9050516,0.016929923,0.07801843,0,neg
دوش ، کتاب ، چای ، فیلم ...هنوزم میشه خوشبخت بود. #دلخوشی,2,pos,0.043547753,0.058501177,0.8979511,2,pos
رییسی از امام رضا تو دهنی خورد تا یاد بگیرد با دین مردم بازی نکند #ریاکار #دغلباز,0,neg,0.9701719,0.0065261754,0.023301823,0,neg
قدردان تلاش امثال شما هستم و سعی می‌کنم از همین مدل پیروی کنم. منم همین‌جام و نمی‌رم. معتقدم از یه جا به بعد دیگه خودمون اهمیت نداریم و باید به بعدی‌ها فکر کرد. اگر هر یک میلیون نفر بتونن سالی یک دونه قانون خوب تصویب کنن یا یه قانون بد رو حذف، سالی ۸۰ قانون جلوییم. هرچیزی ممکنه.,0,neg,0.7291476,0.05682399,0.21402834,2,pos
قطعا کسانی که آیات ما را تکذیب کردند و از پذیرفتن آنها تکبر ورزیدند، درهای آسمان بر آنان گشوده نخواهد شد و در بهشت هم وارد نمی شوند مگر آنکه شتر در سوراخ سوزن در آید...! سوره اعراف آیه 54 خدا داره مثل میزنه... نظرت؟ #تام_و_جری,0,neg,0.91291463,0.016096506,0.0709889,0,neg
وقتی داعش پشت دروازه اربیل و سلیمانیه بود کجا بودی قهرمان ! وقتی کوبانی محاصره بود کجا بودی قهرمان ! توی سوراخهای توئیتری مخفی بودی و به نفع جاهلیت عرب آل سعود توئیت می زدی می دونی سردار سلیمان تنها با 70 نفر جلوی داعش رو گرفت! می دونی ناموس کرد ! ناموس ایرانیه ! #جمهوري_اسلامي pic.twitter.com/4KKD06FlYl,0,neg,0.90861374,0.021468626,0.0699177,0,neg
فرقی نداره من قبول دارم,0,neg,0.7197567,0.057260953,0.22298229,2,pos
میگن : #مخملباف و #خاتمی #ملک_مطیعی رو ممنوع التصویر کردن ! میگم: ملک مطیعی مروج فساد و فحشا و همپالگی اشرف پهلوی بود و کار اونا خیلی هم درست بوده! نکته بدش اینه که اونا رو عقیده درستشون نموندن !,0,neg,0.9736009,0.006175978,0.020222994,0,neg
من پیروزی انقلاب و بهت تبریک میگم,2,pos,0.04205402,0.057927243,0.9000187,2,pos
دمت گرم . البته از اون موقع به بعد هی به ملت می‌گفتی برن سر جاشون بخوابن :))),2,pos,0.17464724,0.12347213,0.70188063,2,pos
اقا چقدر #افطار خوبِ #دست_خوش,2,pos,0.04404689,0.05827975,0.8976734,2,pos
